issue_date,year,diary_number,section_code,section_name,department_code,department_name,epigraph,identifier,title,url_xml,url_html,url_pdf,source_format,sha256_text,char_count,word_count
20210115,2021,13,1,I. Disposiciones generales,5140,MINISTERIO DE HACIENDA,Organización,BOE-A-2021-588,"Resolución de 13 de enero de 2021, de la Presidencia de la Agencia Estatal de Administración Tributaria, por la que se modifica la de 22 de enero de 2013, sobre organización y atribución de competencias en el Área de Recaudación.",https://www.boe.es/diario_boe/xml.php?id=BOE-A-2021-588,https://www.boe.es/diario_boe/txt.php?id=BOE-A-2021-588,https://www.boe.es/boe/dias/2021/01/15/pdfs/BOE-A-2021-588.pdf,xml,39806229aaba143674a5d541d301ad78cec6a45946fb0cdbce74c392a9d74099,87830,13204
20210115,2021,13,1,I. Disposiciones generales,5140,MINISTERIO DE HACIENDA,Organización,BOE-A-2021-591,"Resolución de 13 de enero de 2021, de la Presidencia de la Agencia Estatal de Administración Tributaria, sobre organización y atribuciones de funciones en el Área de Aduanas e Impuestos Especiales.",https://www.boe.es/diario_boe/xml.php?id=BOE-A-2021-591,https://www.boe.es/diario_boe/txt.php?id=BOE-A-2021-591,https://www.boe.es/boe/dias/2021/01/15/pdfs/BOE-A-2021-591.pdf,xml,b8c70a778fd77cdc0796554e941747b5c88c658cc30535221de1e7dfb8de9c77,90436,13734
20210115,2021,13,1,I. Disposiciones generales,9574,"MINISTERIO DE LA PRESIDENCIA, RELACIONES CON LAS CORTES Y MEMORIA DEMOCRÁTICA",Medidas excepcionales,BOE-A-2021-592,"Orden PCM/14/2021, de 14 de enero, por la que se publica el Acuerdo del Consejo de Ministros de 12 de enero de 2021, por el que se prorroga por segunda vez el Acuerdo del Consejo de Ministros de 22 de diciembre de 2020, por el que se establecen medidas excepcionales para limitar la propagación y el contagio por el COVID-19, mediante la limitación de los vuelos directos y buques de pasaje entre Reino Unido y los aeropuertos y puertos españoles.",https://www.boe.es/diario_boe/xml.php?id=BOE-A-2021-592,https://www.boe.es/diario_boe/txt.php?id=BOE-A-2021-592,https://www.boe.es/boe/dias/2021/01/15/pdfs/BOE-A-2021-592.pdf,xml,1558149e16b4d9b8b2992a3d3db693ceb0738b9e5f82e03365f3c39e8710243e,5302,822
20210115,2021,13,2A,"II. Autoridades y personal. - A. Nombramientos, situaciones e incidencias",1820,CONSEJO GENERAL DEL PODER JUDICIAL,Situaciones,BOE-A-2021-593,"Acuerdo de 19 de noviembre de 2020, de la Comisión Permanente del Consejo General del Poder Judicial, por el que se declara la jubilación forzosa del Magistrado don José Miguel Fontcuberta de la Torre.",https://www.boe.es/diario_boe/xml.php?id=BOE-A-2021-593,https://www.boe.es/diario_boe/txt.php?id=BOE-A-2021-593,https://www.boe.es/boe/dias/2021/01/15/pdfs/BOE-A-2021-593.pdf,xml,2ab233073b1accfe9009c8185a222950384a38051d59d88a6365388b46880b7a,895,143
20210115,2021,13,2A,"II. Autoridades y personal. - A. Nombramientos, situaciones e incidencias",310,UNIVERSIDADES,Nombramientos,BOE-A-2021-602,"Resolución de 21 de diciembre de 2020, de la Universidad de A Coruña, por la que se nombra Catedrática de Universidad a doña María Begoña Crespo García.",https://www.boe.es/diario_boe/xml.php?id=BOE-A-2021-602,https://www.boe.es/diario_boe/txt.php?id=BOE-A-2021-602,https://www.boe.es/boe/dias/2021/01/15/pdfs/BOE-A-2021-602.pdf,xml,717057b1d88259efb5e38c01063107a588d7af657adde4c8615f24d2a00ad9a5,1789,269
20210115,2021,13,2A,"II. Autoridades y personal. - A. Nombramientos, situaciones e incidencias",310,UNIVERSIDADES,Nombramientos,BOE-A-2021-604,"Resolución de 22 de diciembre de 2020, de la Universidad de La Rioja, por la que se nombra Profesora Titular de Universidad a doña Enma Juaneda Ayensa.",https://www.boe.es/diario_boe/xml.php?id=BOE-A-2021-604,https://www.boe.es/diario_boe/txt.php?id=BOE-A-2021-604,https://www.boe.es/boe/dias/2021/01/15/pdfs/BOE-A-2021-604.pdf,xml,43297d6af69869e8398a4241e2ca6712af7ebc68976941f9df0996b1737ecad0,2099,324
20210115,2021,13,2B,II. Autoridades y personal. - B. Oposiciones y concursos,9525,ADMINISTRACIÓN LOCAL,Personal funcionario y laboral,BOE-A-2021-640,"Resolución de 28 de diciembre de 2020, de la Ciudad de Ceuta, Organismo Autónomo Servicios Tributarios, referente a la convocatoria para proveer varias plazas.",https://www.boe.es/diario_boe/xml.php?id=BOE-A-2021-640,https://www.boe.es/diario_boe/txt.php?id=BOE-A-2021-640,https://www.boe.es/boe/dias/2021/01/15/pdfs/BOE-A-2021-640.pdf,xml,cef82e5b9a9e04abc446b72e2d5924cf1f8385ff780c60fd05ef2b5d5c6efa5c,818,126
20210115,2021,13,2B,II. Autoridades y personal. - B. Oposiciones y concursos,310,UNIVERSIDADES,Cuerpos docentes universitarios,BOE-A-2021-656,"Resolución de 22 de diciembre de 2020, de la Universidad de Alcalá, por la que se convoca concurso de acceso a plaza de cuerpos docentes universitarios.",https://www.boe.es/diario_boe/xml.php?id=BOE-A-2021-656,https://www.boe.es/diario_boe/txt.php?id=BOE-A-2021-656,https://www.boe.es/boe/dias/2021/01/15/pdfs/BOE-A-2021-656.pdf,xml,4ff7e2f638a7f941ebec1fe7c7787eb817c08069be3f490274116624dd138a15,17802,2736
20210115,2021,13,3,III. Otras disposiciones,4245,MINISTERIO DE CIENCIA E INNOVACIÓN,Convenios,BOE-A-2021-664,"Resolución de 28 de diciembre de 2020, del Instituto de Salud Carlos III, O.A.,M.P., por la que se publica el Convenio con la Fundación Bancaria ""La Caixa"", para la concesión de una aportación-CaixaImpulse convocatoria exprés en COVID-19.",https://www.boe.es/diario_boe/xml.php?id=BOE-A-2021-664,https://www.boe.es/diario_boe/txt.php?id=BOE-A-2021-664,https://www.boe.es/boe/dias/2021/01/15/pdfs/BOE-A-2021-664.pdf,xml,881f701b29760b545386714f01997ded3c71f367f515a06c6164fba91b2181e9,35711,5372
20210115,2021,13,3,III. Otras disposiciones,8070,COMUNIDAD AUTÓNOMA DE CATALUÑA,Homologaciones,BOE-A-2021-668,"Resolución de 12 de noviembre de 2020, de la Dirección General de Energía, Seguridad Industrial y Seguridad Minera, del Departamento de Empresa y Conocimiento, de certificación del producto fabricado por Zhejiang Vogueshower Sanitary Ware CO., LTD., con contraseña CGR-8663: grifería sanitaria.",https://www.boe.es/diario_boe/xml.php?id=BOE-A-2021-668,https://www.boe.es/diario_boe/txt.php?id=BOE-A-2021-668,https://www.boe.es/boe/dias/2021/01/15/pdfs/BOE-A-2021-668.pdf,xml,0c4a64007f720fd6275ff16de2b52dbc8eb831c4011ca742e33e854e6aeabfea,6391,846
20210215,2021,39,1,I. Disposiciones generales,9570,MINISTERIO DE CULTURA Y DEPORTE,Organización,BOE-A-2021-2167,"Orden CUD/122/2021, de 9 de febrero, por la que se determina la composición y funciones de la Comisión Administradora del Fondo de Ayuda a las Bellas Artes.",https://www.boe.es/diario_boe/xml.php?id=BOE-A-2021-2167,https://www.boe.es/diario_boe/txt.php?id=BOE-A-2021-2167,https://www.boe.es/boe/dias/2021/02/15/pdfs/BOE-A-2021-2167.pdf,xml,ed847c057abf817c00e3a2ae73fe68a41cf727e791011d77f65c43feb8ae0f02,11509,1788
20210215,2021,39,1,I. Disposiciones generales,8070,COMUNIDAD AUTÓNOMA DE CATALUÑA,Economía,BOE-A-2021-2169,"Corrección de errores de la Ley 18/2020, de 28 de diciembre, de facilitación de la actividad económica.",https://www.boe.es/diario_boe/xml.php?id=BOE-A-2021-2169,https://www.boe.es/diario_boe/txt.php?id=BOE-A-2021-2169,https://www.boe.es/boe/dias/2021/02/15/pdfs/BOE-A-2021-2169.pdf,xml,fe436b1a70ec1e7bd3c12a09f9ea1adf7c3d19ca89b689f90d2d1bfc1d987319,7177,999
20210215,2021,39,1,I. Disposiciones generales,8150,COMUNIDAD AUTÓNOMA DEL PRINCIPADO DE ASTURIAS,Presupuestos,BOE-A-2021-2170,"Corrección de errores de la Ley 3/2020, de 30 de diciembre, de Presupuestos Generales para 2021.",https://www.boe.es/diario_boe/xml.php?id=BOE-A-2021-2170,https://www.boe.es/diario_boe/txt.php?id=BOE-A-2021-2170,https://www.boe.es/boe/dias/2021/02/15/pdfs/BOE-A-2021-2170.pdf,xml,36ec0af885b20d5c3cfa670eb8b8dd1928dc43a30f9341bf06d2e615d2b32696,1315,207
20210215,2021,39,2A,"II. Autoridades y personal. - A. Nombramientos, situaciones e incidencias",9561,MINISTERIO DE POLÍTICA TERRITORIAL Y FUNCIÓN PÚBLICA,Destinos,BOE-A-2021-2180,"Resolución de 4 de febrero de 2021, de la Subsecretaría, por la que se resuelve el concurso específico, convocado por Resolución de 11 de septiembre de 2020, en la Mutualidad General de Funcionarios Civiles del Estado.",https://www.boe.es/diario_boe/xml.php?id=BOE-A-2021-2180,https://www.boe.es/diario_boe/txt.php?id=BOE-A-2021-2180,https://www.boe.es/boe/dias/2021/02/15/pdfs/BOE-A-2021-2180.pdf,xml,5655af11a91499d0c299e45bff66f700621a298bede4fb4f7834da968fbcd242,9472,1351
20210215,2021,39,2A,"II. Autoridades y personal. - A. Nombramientos, situaciones e incidencias",310,UNIVERSIDADES,Nombramientos,BOE-A-2021-2184,"Resolución de 29 de enero de 2021, de la Universidad de León, por la que se nombra Catedrática de Universidad a doña Xiomar Arleth Gómez Barrios.",https://www.boe.es/diario_boe/xml.php?id=BOE-A-2021-2184,https://www.boe.es/diario_boe/txt.php?id=BOE-A-2021-2184,https://www.boe.es/boe/dias/2021/02/15/pdfs/BOE-A-2021-2184.pdf,xml,e53a1fcb8172a4d553f4d2ebda47c322da87c7f37031c0d785f03393a72ada07,1709,260
20210215,2021,39,2A,"II. Autoridades y personal. - A. Nombramientos, situaciones e incidencias",310,UNIVERSIDADES,Nombramientos,BOE-A-2021-2185,"Resolución de 1 de febrero de 2021, de la Universidad Nacional de Educación a Distancia, por la que se nombra Profesora Titular de Universidad a doña Leire Salazar Vález.",https://www.boe.es/diario_boe/xml.php?id=BOE-A-2021-2185,https://www.boe.es/diario_boe/txt.php?id=BOE-A-2021-2185,https://www.boe.es/boe/dias/2021/02/15/pdfs/BOE-A-2021-2185.pdf,xml,7a8ed7aadbdd74a442cee911e5e8f248ca53ee1afd654b57a13e39666c1ebe9b,788,116
20210215,2021,39,2B,II. Autoridades y personal. - B. Oposiciones y concursos,9525,ADMINISTRACIÓN LOCAL,Personal funcionario y laboral,BOE-A-2021-2266,"Resolución de 9 de febrero de 2021, de la Diputación Provincial de Valencia, referente a la convocatoria para proveer una plaza.",https://www.boe.es/diario_boe/xml.php?id=BOE-A-2021-2266,https://www.boe.es/diario_boe/txt.php?id=BOE-A-2021-2266,https://www.boe.es/boe/dias/2021/02/15/pdfs/BOE-A-2021-2266.pdf,xml,fd741a90c0bc37ae4953db12faa2391ec19b0d2f6d9ad9172bfe196f3d77dbba,797,122
20210215,2021,39,2B,II. Autoridades y personal. - B. Oposiciones y concursos,9525,ADMINISTRACIÓN LOCAL,Personal funcionario y laboral,BOE-A-2021-2268,"Resolución de 9 de febrero de 2021, del Ayuntamiento de Zaratán (Valladolid), referente a la convocatoria para proveer una plaza.",https://www.boe.es/diario_boe/xml.php?id=BOE-A-2021-2268,https://www.boe.es/diario_boe/txt.php?id=BOE-A-2021-2268,https://www.boe.es/boe/dias/2021/02/15/pdfs/BOE-A-2021-2268.pdf,xml,a81e7380349db5ac4df0028b9b2a7607dc62c3d3967823daeb26e36262212a9f,995,154
20210215,2021,39,3,III. Otras disposiciones,9574,"MINISTERIO DE LA PRESIDENCIA, RELACIONES CON LAS CORTES Y MEMORIA DEMOCRÁTICA",Comunidad Autónoma de las Illes Balears. Convenio,BOE-A-2021-2296,"Resolución de 9 de febrero de 2021, de la Subsecretaría, por la que se publica el Convenio entre la Mutualidad General de Funcionarios Civiles del Estado, el Instituto Social de las Fuerzas Armadas, la Mutualidad General Judicial y el Servicio de Salud de las Islas Baleares, para la integración del colectivo de sus titulares y beneficiarios en el sistema de receta electrónica.",https://www.boe.es/diario_boe/xml.php?id=BOE-A-2021-2296,https://www.boe.es/diario_boe/txt.php?id=BOE-A-2021-2296,https://www.boe.es/boe/dias/2021/02/15/pdfs/BOE-A-2021-2296.pdf,xml,420e9281fb311a9f5966909d07b88cf6f4fb05a5b61112ace223225c11f85277,31927,4711
20210215,2021,39,3,III. Otras disposiciones,4245,MINISTERIO DE CIENCIA E INNOVACIÓN,Convenios,BOE-A-2021-2308,"Resolución de 9 de febrero de 2021, del Consorcio Centro Nacional de Investigación sobre la Evolución Humana, por la que se publica el Convenio con la Fundación Palarq, para regular la colaboración en actividades de interés general: Proyecto ""Variabilidad del comportamiento del Homo erectus durante el Pleistoceno Inferior en el altiplano etíope en Melka Kunture (2.a campaña)"".",https://www.boe.es/diario_boe/xml.php?id=BOE-A-2021-2308,https://www.boe.es/diario_boe/txt.php?id=BOE-A-2021-2308,https://www.boe.es/boe/dias/2021/02/15/pdfs/BOE-A-2021-2308.pdf,xml,d1fcc71267e4cb7824e8be3d54dd76c128d0915bcd30ab84b50e8b251bc23bc8,18214,2742
20210415,2021,90,1,I. Disposiciones generales,9563,MINISTERIO DE EDUCACIÓN Y FORMACIÓN PROFESIONAL,Formación profesional. Títulos académicos,BOE-A-2021-5947,"Real Decreto 175/2021, de 23 de marzo, por el que se establece el curso de especialización en Sistemas de señalización y telecomunicaciones ferroviarias y se fijan los aspectos básicos del currículo.",https://www.boe.es/diario_boe/xml.php?id=BOE-A-2021-5947,https://www.boe.es/diario_boe/txt.php?id=BOE-A-2021-5947,https://www.boe.es/boe/dias/2021/04/15/pdfs/BOE-A-2021-5947.pdf,xml,730db4c571eb3d5ffd97034b8e23db254291427abc2b243f5db33421841e21d6,119534,16610
20210415,2021,90,1,I. Disposiciones generales,9563,MINISTERIO DE EDUCACIÓN Y FORMACIÓN PROFESIONAL,Formación profesional. Títulos académicos,BOE-A-2021-5948,"Real Decreto 176/2021, de 23 de marzo, por el que se establece el curso de especialización en Mantenimiento avanzado de sistemas de material rodante ferroviario y se fijan los aspectos básicos del currículo.",https://www.boe.es/diario_boe/xml.php?id=BOE-A-2021-5948,https://www.boe.es/diario_boe/txt.php?id=BOE-A-2021-5948,https://www.boe.es/boe/dias/2021/04/15/pdfs/BOE-A-2021-5948.pdf,xml,094d35c82f542d36097ba697dff8b3db7fc19017afd332c4e9269d5c4ef38d6c,129648,17985
20210415,2021,90,1,I. Disposiciones generales,9574,"MINISTERIO DE LA PRESIDENCIA, RELACIONES CON LAS CORTES Y MEMORIA DEMOCRÁTICA",Bachillerato,BOE-A-2021-5950,"Resolución de 10 de abril de 2021, de la Subsecretaría, por la que se publica la Resolución de 7 de abril de 2021, conjunta de la Secretaría de Estado de Educación y de la Secretaría General de Universidades, por la que se establecen las adaptaciones de la evaluación de Bachillerato para el acceso a la Universidad a las necesidades y situación de los centros españoles situados en el exterior del territorio nacional, los programas educativos en el exterior, los programas internacionales, el alumnado procedente de sistemas educativos extranjeros y las enseñanzas a distancia, en el curso 2020-2021.",https://www.boe.es/diario_boe/xml.php?id=BOE-A-2021-5950,https://www.boe.es/diario_boe/txt.php?id=BOE-A-2021-5950,https://www.boe.es/boe/dias/2021/04/15/pdfs/BOE-A-2021-5950.pdf,xml,0723a49b6f3aecef941c55a3101c689eadca28a444d07ae3c73b7114c9bb6031,19186,2888
20210415,2021,90,2A,"II. Autoridades y personal. - A. Nombramientos, situaciones e incidencias",9563,MINISTERIO DE EDUCACIÓN Y FORMACIÓN PROFESIONAL,Destinos,BOE-A-2021-5955,"Resolución de 8 de abril de 2021, de la Subsecretaría, por la que se resuelve el concurso específico, convocado por Resolución de 22 de diciembre de 2020.",https://www.boe.es/diario_boe/xml.php?id=BOE-A-2021-5955,https://www.boe.es/diario_boe/txt.php?id=BOE-A-2021-5955,https://www.boe.es/boe/dias/2021/04/15/pdfs/BOE-A-2021-5955.pdf,xml,23f5c8bc8f1814067edd5908e0d30be9c8a5f2b7d27df4e78025acc11c065206,2812,439
20210415,2021,90,2A,"II. Autoridades y personal. - A. Nombramientos, situaciones e incidencias",310,UNIVERSIDADES,Nombramientos,BOE-A-2021-5958,"Resolución de 22 de marzo de 2021, de la Universidad de Oviedo, por la que se nombra Profesor Titular de Universidad a don Diego Jaime Álvarez Laó.",https://www.boe.es/diario_boe/xml.php?id=BOE-A-2021-5958,https://www.boe.es/diario_boe/txt.php?id=BOE-A-2021-5958,https://www.boe.es/boe/dias/2021/04/15/pdfs/BOE-A-2021-5958.pdf,xml,38e53eeac7f5fb924327409667e856edddaf478028f5e449b9c8dfac4026638b,1916,282
20210415,2021,90,2A,"II. Autoridades y personal. - A. Nombramientos, situaciones e incidencias",310,UNIVERSIDADES,Nombramientos,BOE-A-2021-5960,"Resolución de 25 de marzo de 2021, de la Universidad de Huelva, por la que se nombra Profesor Titular de Universidad a don Pedro Rufino Olivares Sánchez-Toledo.",https://www.boe.es/diario_boe/xml.php?id=BOE-A-2021-5960,https://www.boe.es/diario_boe/txt.php?id=BOE-A-2021-5960,https://www.boe.es/boe/dias/2021/04/15/pdfs/BOE-A-2021-5960.pdf,xml,a4fa40dd2d5c3fb687f0d281856b2385a04725bd7cd138394749855d641032c3,1827,269
20210415,2021,90,2B,II. Autoridades y personal. - B. Oposiciones y concursos,9580,MINISTERIO DE UNIVERSIDADES,Funcionarios de la Administración del Estado,BOE-A-2021-5987,"Resolución de 31 de marzo de 2021, de la Subsecretaría, por la que se convoca la provisión de puesto de trabajo por el sistema de libre designación.",https://www.boe.es/diario_boe/xml.php?id=BOE-A-2021-5987,https://www.boe.es/diario_boe/txt.php?id=BOE-A-2021-5987,https://www.boe.es/boe/dias/2021/04/15/pdfs/BOE-A-2021-5987.pdf,xml,71aab56ca3425accc832d9882685661b507b170f06d554ce700e93f878b6bb14,3860,586
20210415,2021,90,2B,II. Autoridades y personal. - B. Oposiciones y concursos,9525,ADMINISTRACIÓN LOCAL,Personal funcionario y laboral,BOE-A-2021-6012,"Resolución de 8 de abril de 2021, de la Diputación Provincial de A Coruña, referente a la convocatoria para proveer varias plazas.",https://www.boe.es/diario_boe/xml.php?id=BOE-A-2021-6012,https://www.boe.es/diario_boe/txt.php?id=BOE-A-2021-6012,https://www.boe.es/boe/dias/2021/04/15/pdfs/BOE-A-2021-6012.pdf,xml,ae4a13d5643cc9ebd0930ea733ef95f11a462b8d8c0588288d4e08314a64bb30,2382,357
20210415,2021,90,3,III. Otras disposiciones,9578,MINISTERIO DE CONSUMO,Comunidad Autónoma de las Illes Balears. Convenio,BOE-A-2021-6037,"Resolución de 5 de abril de 2021, de la Secretaría General de Consumo y Juego, por la que se publica el Convenio con la Comunidad Autónoma de las Illes Balears, para la constitución de la Junta Arbitral de Consumo de la Comunidad Autónoma de las Illes Balears.",https://www.boe.es/diario_boe/xml.php?id=BOE-A-2021-6037,https://www.boe.es/diario_boe/txt.php?id=BOE-A-2021-6037,https://www.boe.es/boe/dias/2021/04/15/pdfs/BOE-A-2021-6037.pdf,xml,cf2727d949958208042394a743d515cfc47bc602780d9a56ab62bcac63ede76c,12107,1862
20210415,2021,90,3,III. Otras disposiciones,1020,BANCO DE ESPAÑA,Mercado de divisas,BOE-A-2021-6040,"Resolución de 14 de abril de 2021, del Banco de España, por la que se publican los cambios del euro correspondientes al día 14 de abril de 2021, publicados por el Banco Central Europeo, que tendrán la consideración de cambios oficiales, de acuerdo con lo dispuesto en el artículo 36 de la Ley 46/1998, de 17 de diciembre, sobre la Introducción del Euro.",https://www.boe.es/diario_boe/xml.php?id=BOE-A-2021-6040,https://www.boe.es/diario_boe/txt.php?id=BOE-A-2021-6040,https://www.boe.es/boe/dias/2021/04/15/pdfs/BOE-A-2021-6040.pdf,xml,e64d1ebe1e08f07c97f9e5e2a7900d731b4d4952de911fdda257b7c58544368b,1220,118
20210515,2021,116,1,I. Disposiciones generales,7723,JEFATURA DEL ESTADO,Sociedades de capital,BOE-A-2021-8031,"Corrección de errores de la Ley 5/2021, de 12 de abril, por la que se modifica el texto refundido de la Ley de Sociedades de Capital, aprobado por el Real Decreto Legislativo 1/2010, de 2 de julio, y otras normas financieras, en lo que respecta al fomento de la implicación a largo plazo de los accionistas en las sociedades cotizadas.",https://www.boe.es/diario_boe/xml.php?id=BOE-A-2021-8031,https://www.boe.es/diario_boe/txt.php?id=BOE-A-2021-8031,https://www.boe.es/boe/dias/2021/05/15/pdfs/BOE-A-2021-8031.pdf,xml,b643045092376411870c269c7e9d29936e1a0fb3582f02a19f1cf1f038ecea6e,1752,281
20210515,2021,116,1,I. Disposiciones generales,9562,"MINISTERIO DE ASUNTOS EXTERIORES, UNIÓN EUROPEA Y COOPERACIÓN",Acuerdos internacionales administrativos,BOE-A-2021-8032,"Acuerdo Administrativo Estándar relativo al Fondo de Respuesta y Recuperación ante la COVID-19 por el que se prevé la gestión intermediada de los fondos, hecho en Nueva York el 15 de marzo de 2021.",https://www.boe.es/diario_boe/xml.php?id=BOE-A-2021-8032,https://www.boe.es/diario_boe/txt.php?id=BOE-A-2021-8032,https://www.boe.es/boe/dias/2021/05/15/pdfs/BOE-A-2021-8032.pdf,xml,896b131a3d65ccf987bfde1badc430bef3f81ab981489ec95dde15dcc1bd91e9,183206,27468
20210515,2021,116,1,I. Disposiciones generales,5140,MINISTERIO DE HACIENDA,Tabaco. Precios,BOE-A-2021-8033,"Resolución de 14 de mayo de 2021, de la Presidencia del Comisionado para el Mercado de Tabacos, por la que se publican los precios de venta al público de determinadas labores de tabaco en Expendedurías de Tabaco y Timbre del área del Monopolio.",https://www.boe.es/diario_boe/xml.php?id=BOE-A-2021-8033,https://www.boe.es/diario_boe/txt.php?id=BOE-A-2021-8033,https://www.boe.es/boe/dias/2021/05/15/pdfs/BOE-A-2021-8033.pdf,xml,4974fc042f9f3acc7257db28b465047541e5bae33163e9f4e695b5b545239292,1991,286
20210515,2021,116,2A,"II. Autoridades y personal. - A. Nombramientos, situaciones e incidencias",1820,CONSEJO GENERAL DEL PODER JUDICIAL,Ceses,BOE-A-2021-8035,"Acuerdo de 6 de mayo de 2021, de la Comisión Permanente del Consejo General del Poder Judicial, por el que se dispone el cese de don Fernando Marín Castán, Magistrado del Tribunal Supremo.",https://www.boe.es/diario_boe/xml.php?id=BOE-A-2021-8035,https://www.boe.es/diario_boe/txt.php?id=BOE-A-2021-8035,https://www.boe.es/boe/dias/2021/05/15/pdfs/BOE-A-2021-8035.pdf,xml,ece345a6d008e969bc621d06c95664624ac5972da9118f2b0ef6d3fc42715ecf,750,117
20210515,2021,116,2A,"II. Autoridades y personal. - A. Nombramientos, situaciones e incidencias",1820,CONSEJO GENERAL DEL PODER JUDICIAL,Ceses,BOE-A-2021-8036,"Acuerdo de 6 de mayo de 2021, de la Comisión Permanente del Consejo General del Poder Judicial, por el que se dispone el cese de don Ricardo Cuesta Castillo, Magistrado del Tribunal Supremo.",https://www.boe.es/diario_boe/xml.php?id=BOE-A-2021-8036,https://www.boe.es/diario_boe/txt.php?id=BOE-A-2021-8036,https://www.boe.es/boe/dias/2021/05/15/pdfs/BOE-A-2021-8036.pdf,xml,ac54777499a09b7b799b99bbee3e3c2f663818f15355fe4d382a04257e946e1a,693,106
20210515,2021,116,2A,"II. Autoridades y personal. - A. Nombramientos, situaciones e incidencias",1820,CONSEJO GENERAL DEL PODER JUDICIAL,Nombramientos,BOE-A-2021-8037,"Acuerdo de 6 de mayo de 2021, de la Comisión Permanente del Consejo General del Poder Judicial, por el que se nombran Magistrados suplentes para el año judicial 2020/2021, en la Sala Quinta del Tribunal Supremo.",https://www.boe.es/diario_boe/xml.php?id=BOE-A-2021-8037,https://www.boe.es/diario_boe/txt.php?id=BOE-A-2021-8037,https://www.boe.es/boe/dias/2021/05/15/pdfs/BOE-A-2021-8037.pdf,xml,d713bd0c8370721722b61ae89ec6328d15912dcb907147e487e499b8c0da9a13,1107,171
20210515,2021,116,2B,II. Autoridades y personal. - B. Oposiciones y concursos,7320,MINISTERIO DEL INTERIOR,Funcionarios del Subgrupo A1,BOE-A-2021-8045,"Resolución de 11 de mayo de 2021, de la Subsecretaría, por la que se convoca concurso general para la provisión de puestos de trabajo, en los Servicios Periféricos de la Secretaría General de Instituciones Penitenciarias.",https://www.boe.es/diario_boe/xml.php?id=BOE-A-2021-8045,https://www.boe.es/diario_boe/txt.php?id=BOE-A-2021-8045,https://www.boe.es/boe/dias/2021/05/15/pdfs/BOE-A-2021-8045.pdf,xml,31c0c64f8a3d6ab274bc9af9c1b05bd7c561969c68991545491191133168c2b4,53027,8053
20210515,2021,116,2B,II. Autoridades y personal. - B. Oposiciones y concursos,9525,ADMINISTRACIÓN LOCAL,Personal funcionario y laboral,BOE-A-2021-8081,"Resolución de 12 de mayo de 2021, del Ayuntamiento de Manresa (Barcelona), referente a la convocatoria para proveer varias plazas.",https://www.boe.es/diario_boe/xml.php?id=BOE-A-2021-8081,https://www.boe.es/diario_boe/txt.php?id=BOE-A-2021-8081,https://www.boe.es/boe/dias/2021/05/15/pdfs/BOE-A-2021-8081.pdf,xml,01dcb2720ed3944704738fc49b5ca5b2d606c1c81136c6da047e10c26c6f2592,1029,164
20210515,2021,116,3,III. Otras disposiciones,7320,MINISTERIO DEL INTERIOR,Convenios,BOE-A-2021-8085,"Resolución de 11 de mayo de 2021, de la Secretaría General Técnica, por la que se publica el Convenio entre la Secretaría General de Instituciones Penitenciarias y la Asociación Adhara, Asociación VIH/Sida, para el cumplimiento de penas de trabajos en beneficio de la comunidad.",https://www.boe.es/diario_boe/xml.php?id=BOE-A-2021-8085,https://www.boe.es/diario_boe/txt.php?id=BOE-A-2021-8085,https://www.boe.es/boe/dias/2021/05/15/pdfs/BOE-A-2021-8085.pdf,xml,01be7177449c9cbb44b055eea3852922a05f2109313632ed64d04007024b2c5d,18949,2844
20210515,2021,116,3,III. Otras disposiciones,5250,"MINISTERIO DE INDUSTRIA, COMERCIO Y TURISMO",Convenios,BOE-A-2021-8090,"Resolución de 6 de mayo de 2021, de la Secretaría General de Industria y de la Pequeña y Mediana Empresa, por la que se publica el Convenio con la Asociación CEEI Castellón, para el establecimiento de Puntos de Atención al Emprendedor integrados en la Red CIRCE.",https://www.boe.es/diario_boe/xml.php?id=BOE-A-2021-8090,https://www.boe.es/diario_boe/txt.php?id=BOE-A-2021-8090,https://www.boe.es/boe/dias/2021/05/15/pdfs/BOE-A-2021-8090.pdf,xml,8bb9329470fc1b61d860d3a398512d2afefdf1b9b6a48af25eb26afbf00d9b8d,26254,4005
20210715,2021,168,1,I. Disposiciones generales,8140,COMUNIDAD AUTÓNOMA DEL PAÍS VASCO,Sanidad. COVID-19,BOE-A-2021-11766,"Ley 2/2021, de 24 de junio, de medidas para la gestión de la pandemia de COVID-19.",https://www.boe.es/diario_boe/xml.php?id=BOE-A-2021-11766,https://www.boe.es/diario_boe/txt.php?id=BOE-A-2021-11766,https://www.boe.es/boe/dias/2021/07/15/pdfs/BOE-A-2021-11766.pdf,xml,d12ff9dc62065e5536b8945db2620c9775ecde9b0f6dde42464c8fbbfec47abc,132293,19994
20210715,2021,168,2A,"II. Autoridades y personal. - A. Nombramientos, situaciones e incidencias",1820,CONSEJO GENERAL DEL PODER JUDICIAL,Nombramientos,BOE-A-2021-11767,"Orden de 8 de julio de 2021, por la que se nombra Decana de los Juzgados de Arenys de Mar (Barcelona) a la Jueza doña María Gallén Martínez.",https://www.boe.es/diario_boe/xml.php?id=BOE-A-2021-11767,https://www.boe.es/diario_boe/txt.php?id=BOE-A-2021-11767,https://www.boe.es/boe/dias/2021/07/15/pdfs/BOE-A-2021-11767.pdf,xml,5fd37a64a6be985ce7a84887e0d1f82df9c12cfcd6c2a21939c631dbc899db7c,624,101
20210715,2021,168,2A,"II. Autoridades y personal. - A. Nombramientos, situaciones e incidencias",4620,MINISTERIO DE IGUALDAD,Destinos,BOE-A-2021-11771,"Resolución de 6 de julio de 2021, de la Subsecretaría, por la que se resuelve la convocatoria de libre designación, efectuada por Resolución de 10 de mayo de 2021.",https://www.boe.es/diario_boe/xml.php?id=BOE-A-2021-11771,https://www.boe.es/diario_boe/txt.php?id=BOE-A-2021-11771,https://www.boe.es/boe/dias/2021/07/15/pdfs/BOE-A-2021-11771.pdf,xml,a07a6cf983caf0e7991e4ad1eaf795bf013ea27072eefa8fcaf5a41e35a4d173,5877,766
20210715,2021,168,2A,"II. Autoridades y personal. - A. Nombramientos, situaciones e incidencias",310,UNIVERSIDADES,Nombramientos,BOE-A-2021-11778,"Resolución de 6 de julio de 2021, de la Universidad de Burgos, por la que se nombra Catedrático de Universidad a don Miguel Ángel Mariscal Saldaña.",https://www.boe.es/diario_boe/xml.php?id=BOE-A-2021-11778,https://www.boe.es/diario_boe/txt.php?id=BOE-A-2021-11778,https://www.boe.es/boe/dias/2021/07/15/pdfs/BOE-A-2021-11778.pdf,xml,d8d1d062111a67256aa4059d123456e71699ad97902c1e8bb54c11643624e0bf,3044,468
20210715,2021,168,2B,II. Autoridades y personal. - B. Oposiciones y concursos,9572,"MINISTERIO DE TRANSPORTES, MOVILIDAD Y AGENDA URBANA",Funcionarios de las Administraciones Públicas,BOE-A-2021-11789,"Resolución de 12 de julio de 2021, de la Subsecretaría, por la que se convoca la provisión de puesto de trabajo por el sistema de libre designación.",https://www.boe.es/diario_boe/xml.php?id=BOE-A-2021-11789,https://www.boe.es/diario_boe/txt.php?id=BOE-A-2021-11789,https://www.boe.es/boe/dias/2021/07/15/pdfs/BOE-A-2021-11789.pdf,xml,a24950b54534513f0f204852d6a9d5852d14750d9efcc2ec73f845cab553638d,3903,577
20210715,2021,168,2B,II. Autoridades y personal. - B. Oposiciones y concursos,9579,"MINISTERIO DE INCLUSIÓN, SEGURIDAD SOCIAL Y MIGRACIONES",Funcionarios de la Administración del Estado,BOE-A-2021-11805,"Resolución de 6 de julio de 2021, de la Subsecretaría, por la que se convoca la provisión de puesto de trabajo por el sistema de libre designación.",https://www.boe.es/diario_boe/xml.php?id=BOE-A-2021-11805,https://www.boe.es/diario_boe/txt.php?id=BOE-A-2021-11805,https://www.boe.es/boe/dias/2021/07/15/pdfs/BOE-A-2021-11805.pdf,xml,172864d9c1a26bcb0540ca5309801f83f32c7c90b7f80e5e100dfa344813b54b,3246,487
20210715,2021,168,2B,II. Autoridades y personal. - B. Oposiciones y concursos,8070,COMUNIDAD AUTÓNOMA DE CATALUÑA,"Cuerpo de Aspirantes a Registradores de la Propiedad, Mercantiles y de Bienes Muebles",BOE-A-2021-11812,"Resolución de 8 de julio de 2021, de la Dirección General de Derecho, Entidades Jurídicas y Mediación, del Departamento de Justícia, por la que se convocan determinados Registros de la Propiedad, radicados en el territorio de Cataluña, para su provisión conforme a lo dispuesto en el artículo 503 del Reglamento Hipotecario.",https://www.boe.es/diario_boe/xml.php?id=BOE-A-2021-11812,https://www.boe.es/diario_boe/txt.php?id=BOE-A-2021-11812,https://www.boe.es/boe/dias/2021/07/15/pdfs/BOE-A-2021-11812.pdf,xml,8d0adcf82703c6df7e774f277ad865a642cfa9a61021f71f9a5941db62b24fc1,5951,876
20210715,2021,168,3,III. Otras disposiciones,3120,"MINISTERIO DE AGRICULTURA, PESCA Y ALIMENTACIÓN",Pesca marítima,BOE-A-2021-11857,"Resolución de 2 de julio de 2021, de la Secretaría General de Pesca, por la que se realiza el reparto de la bacaladilla norte (WHB/1x14) en aplicación del artículo 11 de la Orden APA/315/2020, de 1 de abril.",https://www.boe.es/diario_boe/xml.php?id=BOE-A-2021-11857,https://www.boe.es/diario_boe/txt.php?id=BOE-A-2021-11857,https://www.boe.es/boe/dias/2021/07/15/pdfs/BOE-A-2021-11857.pdf,xml,6568fb3917affa6ed7f8fe94b36aca91e3101e1bc88fd72e3617315e74869934,9646,1486
20210715,2021,168,3,III. Otras disposiciones,9570,MINISTERIO DE CULTURA Y DEPORTE,Patrimonio histórico. Derecho de tanteo,BOE-A-2021-11862,"Orden CUD/748/2021, de 5 de julio, por la que se ejercita el derecho de tanteo sobre el lote n.o 823, subastado por la sala Durán Arte y Subastas, en Madrid.",https://www.boe.es/diario_boe/xml.php?id=BOE-A-2021-11862,https://www.boe.es/diario_boe/txt.php?id=BOE-A-2021-11862,https://www.boe.es/boe/dias/2021/07/15/pdfs/BOE-A-2021-11862.pdf,xml,75b672c5b1f00c056f13a43315caa429e373d11865665d8e9099de65199f4658,1386,217
20210715,2021,168,3,III. Otras disposiciones,8030,COMUNIDAD AUTÓNOMA DE CANARIAS,Competencias profesionales,BOE-A-2021-11868,"Resolución de 12 de julio de 2021, de la Dirección del Servicio Canario de Empleo, por la que se publica la convocatoria del procedimiento de evaluación y acreditación de competencias profesionales adquiridas a través de la experiencia laboral o de vías no formales de formación.",https://www.boe.es/diario_boe/xml.php?id=BOE-A-2021-11868,https://www.boe.es/diario_boe/txt.php?id=BOE-A-2021-11868,https://www.boe.es/boe/dias/2021/07/15/pdfs/BOE-A-2021-11868.pdf,xml,6dba3ffe645e75f2123f4a3192731483022532f9fb57084fdb958ad875f2a308,2893,441
20210816,2021,195,1,I. Disposiciones generales,9575,MINISTERIO PARA LA TRANSICIÓN ECOLÓGICA Y EL RETO DEMOGRÁFICO,Productos petrolíferos. Precios,BOE-A-2021-13919,"Resolución de 4 de agosto de 2021, de la Dirección General de Política Energética y Minas, por la que se publican los nuevos precios de venta, antes de impuestos, de los gases licuados del petróleo por canalización.",https://www.boe.es/diario_boe/xml.php?id=BOE-A-2021-13919,https://www.boe.es/diario_boe/txt.php?id=BOE-A-2021-13919,https://www.boe.es/boe/dias/2021/08/16/pdfs/BOE-A-2021-13919.pdf,xml,1048a0dbb77f43cb7cb4574172b0f85e625eef5acd12c8ce3892ba89dc3a6b9a,7275,1090
20210816,2021,195,2A,"II. Autoridades y personal. - A. Nombramientos, situaciones e incidencias",310,UNIVERSIDADES,Nombramientos,BOE-A-2021-13920,"Resolución de 30 de julio de 2021, de la Universidad de A Coruña, por la que se nombra Catedrático de Universidad a don Carlos Platas Iglesias.",https://www.boe.es/diario_boe/xml.php?id=BOE-A-2021-13920,https://www.boe.es/diario_boe/txt.php?id=BOE-A-2021-13920,https://www.boe.es/boe/dias/2021/08/16/pdfs/BOE-A-2021-13920.pdf,xml,0be12df79e90dc0cd48e91422374caf77d370080f293d5d5f8eac30f6d43ff8d,1773,267
20210816,2021,195,2A,"II. Autoridades y personal. - A. Nombramientos, situaciones e incidencias",310,UNIVERSIDADES,Nombramientos,BOE-A-2021-13921,"Resolución de 30 de julio de 2021, de la Universidad de A Coruña, por la que se nombra Catedrático de Universidad a don David Esteban Gómez.",https://www.boe.es/diario_boe/xml.php?id=BOE-A-2021-13921,https://www.boe.es/diario_boe/txt.php?id=BOE-A-2021-13921,https://www.boe.es/boe/dias/2021/08/16/pdfs/BOE-A-2021-13921.pdf,xml,3b5f28b7258214874d97f094b767a80dd0e1554b0f48d2dba901d7c541e32f3a,1763,267
20210816,2021,195,2A,"II. Autoridades y personal. - A. Nombramientos, situaciones e incidencias",310,UNIVERSIDADES,Nombramientos,BOE-A-2021-13922,"Resolución de 30 de julio de 2021, de la Universidad de A Coruña, por la que se nombra Profesora Titular de Universidad a doña Mari Luz Paz Agras.",https://www.boe.es/diario_boe/xml.php?id=BOE-A-2021-13922,https://www.boe.es/diario_boe/txt.php?id=BOE-A-2021-13922,https://www.boe.es/boe/dias/2021/08/16/pdfs/BOE-A-2021-13922.pdf,xml,7f9f406939aee6175cd6a065b91fa08f4d7780d829f2fc7176f3fd8cc7003679,1875,279
20210816,2021,195,2B,II. Autoridades y personal. - B. Oposiciones y concursos,6110,MINISTERIO DE DEFENSA,Cuerpos y escalas de las Fuerzas Armadas,BOE-A-2021-13925,"Resolución 452/38328/2021, de 12 de agosto, de la Dirección General de Reclutamiento y Enseñanza Militar, por la que se publica la relación definitiva de aspirantes propuestos para ser nombrados alumnos para el ingreso en los centros docentes militares de formación para la incorporación, como militar de carrera a la escala de oficiales enfermeros del Cuerpo Militar de Sanidad, especialidad fundamental Enfermería.",https://www.boe.es/diario_boe/xml.php?id=BOE-A-2021-13925,https://www.boe.es/diario_boe/txt.php?id=BOE-A-2021-13925,https://www.boe.es/boe/dias/2021/08/16/pdfs/BOE-A-2021-13925.pdf,xml,df010a35683e7c348628027227cf41946f0d750dfb00d688b2b8deaa2d7f0835,4537,524
20210816,2021,195,2B,II. Autoridades y personal. - B. Oposiciones y concursos,9525,ADMINISTRACIÓN LOCAL,Personal funcionario y laboral,BOE-A-2021-13950,"Resolución de 9 de agosto de 2021, del Ayuntamiento de Alcantarilla (Murcia), referente a la convocatoria para proveer varias plazas.",https://www.boe.es/diario_boe/xml.php?id=BOE-A-2021-13950,https://www.boe.es/diario_boe/txt.php?id=BOE-A-2021-13950,https://www.boe.es/boe/dias/2021/08/16/pdfs/BOE-A-2021-13950.pdf,xml,7177d39f862bd0210e3cb3177db7fba9c159899b41b710d216b766f89c873377,818,124
20210816,2021,195,2B,II. Autoridades y personal. - B. Oposiciones y concursos,9525,ADMINISTRACIÓN LOCAL,Personal funcionario y laboral,BOE-A-2021-13953,"Resolución de 9 de agosto de 2021, del Consorcio del Pacto Territorial por el Empleo de la Plana Baixa (Castellón), referente a la convocatoria para proveer una plaza.",https://www.boe.es/diario_boe/xml.php?id=BOE-A-2021-13953,https://www.boe.es/diario_boe/txt.php?id=BOE-A-2021-13953,https://www.boe.es/boe/dias/2021/08/16/pdfs/BOE-A-2021-13953.pdf,xml,25ba740adca4c746d3f4ec86ceb410624e27e7106105b819612b8dafe8279764,900,150
20210816,2021,195,3,III. Otras disposiciones,5250,"MINISTERIO DE INDUSTRIA, COMERCIO Y TURISMO",Normalización,BOE-A-2021-13972,"Resolución de 2 de agosto de 2021, de la Dirección General de Industria y de la Pequeña y Mediana Empresa, por la que se publica la relación de normas europeas que han sido ratificadas durante el mes de julio de 2021 como normas españolas.",https://www.boe.es/diario_boe/xml.php?id=BOE-A-2021-13972,https://www.boe.es/diario_boe/txt.php?id=BOE-A-2021-13972,https://www.boe.es/boe/dias/2021/08/16/pdfs/BOE-A-2021-13972.pdf,xml,d14a3f23c1c98ded1d5e91fb0b3b69f8568b2cccbf0ea81b11464998829e11db,42573,5200
20210816,2021,195,3,III. Otras disposiciones,5250,"MINISTERIO DE INDUSTRIA, COMERCIO Y TURISMO",Normalización,BOE-A-2021-13974,"Resolución de 2 de agosto de 2021, de la Dirección General de Industria y de la Pequeña y Mediana Empresa, por la que se publica la relación de normas UNE aprobadas por la Asociación Española de Normalización, durante el mes de julio de 2021.",https://www.boe.es/diario_boe/xml.php?id=BOE-A-2021-13974,https://www.boe.es/diario_boe/txt.php?id=BOE-A-2021-13974,https://www.boe.es/boe/dias/2021/08/16/pdfs/BOE-A-2021-13974.pdf,xml,ec2d6588bc77bc1235a6462578f7e031766871bccf3d5ab33c167e3fd1c8fc5b,18449,2151
20210816,2021,195,3,III. Otras disposiciones,5250,"MINISTERIO DE INDUSTRIA, COMERCIO Y TURISMO",Normalización,BOE-A-2021-13976,"Resolución de 2 de agosto de 2021, de la Dirección General de Industria y de la Pequeña y Mediana Empresa, por la que se someten a información pública los proyectos de normas europeas e internacionales que han sido tramitados como proyectos de norma UNE por la Asociación Española de Normalización, correspondientes al mes de julio de 2021.",https://www.boe.es/diario_boe/xml.php?id=BOE-A-2021-13976,https://www.boe.es/diario_boe/txt.php?id=BOE-A-2021-13976,https://www.boe.es/boe/dias/2021/08/16/pdfs/BOE-A-2021-13976.pdf,xml,b8f2138c013de996be46fcd4df50786d53df2198171b170f1a6c168290b90098,24004,2954
20211015,2021,247,1,I. Disposiciones generales,1410,TRIBUNAL CONSTITUCIONAL,Recursos de inconstitucionalidad,BOE-A-2021-16684,"Recurso de inconstitucionalidad n.o 4203-2021, contra los artículos 1, 6 a 18, disposiciones adicionales 1.a a 4.a, disposición transitoria 1.a y disposición final 4.a, letra b, de la Ley del Parlamento de Cataluña 11/2020, de 18 de septiembre, de medidas urgentes en materia de contención de rentas en los contratos de arrendamiento de vivienda y de modificación de la Ley 18/2007, de la Ley 24/2015 y de la Ley 4/2016, relativas a la protección del derecho a la vivienda.",https://www.boe.es/diario_boe/xml.php?id=BOE-A-2021-16684,https://www.boe.es/diario_boe/txt.php?id=BOE-A-2021-16684,https://www.boe.es/boe/dias/2021/10/15/pdfs/BOE-A-2021-16684.pdf,xml,2b5feaffe690110694804a47ddc2f7701fd19f492008d950ead09bbf2be0195a,781,115
20211015,2021,247,1,I. Disposiciones generales,1410,TRIBUNAL CONSTITUCIONAL,Cuestiones de inconstitucionalidad,BOE-A-2021-16687,"Cuestión de inconstitucionalidad n.o 1679-2021, en relación con el artículo 60.2 de la Ley 6/2014, de 5 de julio, de prevención, calidad y control ambiental de actividades en la Comunitat Valenciana, por posible vulneración de los arts. 149.1.18 y 149.1.23 CE.",https://www.boe.es/diario_boe/xml.php?id=BOE-A-2021-16687,https://www.boe.es/diario_boe/txt.php?id=BOE-A-2021-16687,https://www.boe.es/boe/dias/2021/10/15/pdfs/BOE-A-2021-16687.pdf,xml,e8bda84ddd388e3c2c5033fe8f336ab1b1390a4bf3cc040fea1a1811997f023c,985,140
20211015,2021,247,1,I. Disposiciones generales,1410,TRIBUNAL CONSTITUCIONAL,Cuestiones de inconstitucionalidad,BOE-A-2021-16688,"Cuestión de inconstitucionalidad n.o 4822-2021, en relación con el artículo 52 de la Ley 11/1998, de 9 de julio, de Protección de los Consumidores de la Comunidad de Madrid.",https://www.boe.es/diario_boe/xml.php?id=BOE-A-2021-16688,https://www.boe.es/diario_boe/txt.php?id=BOE-A-2021-16688,https://www.boe.es/boe/dias/2021/10/15/pdfs/BOE-A-2021-16688.pdf,xml,0e66903f7521aee5fd58f09107cc3e1a5c79d8763e4f95810cb67d0251bcba0d,889,130
20211015,2021,247,2A,"II. Autoridades y personal. - A. Nombramientos, situaciones e incidencias",1820,CONSEJO GENERAL DEL PODER JUDICIAL,Situaciones,BOE-A-2021-16691,"Acuerdo de 20 de mayo de 2021, de la Comisión Permanente del Consejo General del Poder Judicial, por el que se declara la jubilación voluntaria del Magistrado don Santiago Oliver Barceló.",https://www.boe.es/diario_boe/xml.php?id=BOE-A-2021-16691,https://www.boe.es/diario_boe/txt.php?id=BOE-A-2021-16691,https://www.boe.es/boe/dias/2021/10/15/pdfs/BOE-A-2021-16691.pdf,xml,6b8d8af766ae5ac70fe0be8cae4b5bfb6774c0895427fb30df75c2e348969b77,714,114
20211015,2021,247,2A,"II. Autoridades y personal. - A. Nombramientos, situaciones e incidencias",9563,MINISTERIO DE EDUCACIÓN Y FORMACIÓN PROFESIONAL,Nombramientos,BOE-A-2021-16697,"Orden EFP/1109/2021, de 7 de octubre, por la que, a propuesta de la Consejería de Educación y Deporte de la Comunidad Autónoma de Andalucía, en ejecución de sentencia, se nombra funcionario de carrera del Cuerpo de Catedráticos de Música y Artes Escénicas a don Gabriel Delgado Morán.",https://www.boe.es/diario_boe/xml.php?id=BOE-A-2021-16697,https://www.boe.es/diario_boe/txt.php?id=BOE-A-2021-16697,https://www.boe.es/boe/dias/2021/10/15/pdfs/BOE-A-2021-16697.pdf,xml,0a578954138418ccbccd2ab99039896352a42bbc7b0f5fd59e8312add615eb3e,2117,314
20211015,2021,247,2A,"II. Autoridades y personal. - A. Nombramientos, situaciones e incidencias",310,UNIVERSIDADES,Nombramientos,BOE-A-2021-16700,"Resolución de 30 de septiembre de 2021, de la Universidad de Alicante, por la que se nombra Profesora Titular de Universidad a doña Inés Lozano Cabezas.",https://www.boe.es/diario_boe/xml.php?id=BOE-A-2021-16700,https://www.boe.es/diario_boe/txt.php?id=BOE-A-2021-16700,https://www.boe.es/boe/dias/2021/10/15/pdfs/BOE-A-2021-16700.pdf,xml,43521177e1f243c02f2a5dee41d5459f37afb65f13b3e878beca861d0c7a31de,1775,257
20211015,2021,247,2B,II. Autoridades y personal. - B. Oposiciones y concursos,9574,"MINISTERIO DE LA PRESIDENCIA, RELACIONES CON LAS CORTES Y MEMORIA DEMOCRÁTICA",Funcionarios de las Administraciones Públicas,BOE-A-2021-16728,"Resolución de 14 de octubre de 2021, de la Subsecretaría, por la que se convoca la provisión de puestos de trabajo por el sistema de libre designación.",https://www.boe.es/diario_boe/xml.php?id=BOE-A-2021-16728,https://www.boe.es/diario_boe/txt.php?id=BOE-A-2021-16728,https://www.boe.es/boe/dias/2021/10/15/pdfs/BOE-A-2021-16728.pdf,xml,72ae838ab83baa912a386cb8ff92cf56e9a3ac01e9ffc4a6b760ab98dc2c4346,5681,817
20211015,2021,247,2B,II. Autoridades y personal. - B. Oposiciones y concursos,9577,MINISTERIO DE DERECHOS SOCIALES Y AGENDA 2030,Funcionarios de la Administración del Estado,BOE-A-2021-16740,"Resolución de 4 de octubre de 2021, de la Secretaría de Estado de Derechos Sociales, por la que se convoca la provisión de puesto de trabajo por el sistema de libre designación.",https://www.boe.es/diario_boe/xml.php?id=BOE-A-2021-16740,https://www.boe.es/diario_boe/txt.php?id=BOE-A-2021-16740,https://www.boe.es/boe/dias/2021/10/15/pdfs/BOE-A-2021-16740.pdf,xml,5a4e9d8b0693bbf31f9c07d365b27fe54b229ce48bf398b9052bc27b7008ee24,3764,558
20211015,2021,247,3,III. Otras disposiciones,7320,MINISTERIO DEL INTERIOR,Asociaciones de utilidad pública,BOE-A-2021-16777,"Orden INT/1115/2021, de 28 de septiembre, por la que se declaran de utilidad pública diversas asociaciones.",https://www.boe.es/diario_boe/xml.php?id=BOE-A-2021-16777,https://www.boe.es/diario_boe/txt.php?id=BOE-A-2021-16777,https://www.boe.es/boe/dias/2021/10/15/pdfs/BOE-A-2021-16777.pdf,xml,59be4f1e277ca990f10ed52752dc4e64fc73579bd73e01a1874829615719f3c3,3880,535
20211015,2021,247,3,III. Otras disposiciones,9573,MINISTERIO DE TRABAJO Y ECONOMÍA SOCIAL,Convenios colectivos de trabajo,BOE-A-2021-16786,"Resolución de 4 de octubre de 2021, de la Dirección General de Trabajo, por la que se registra y publica el IX Convenio colectivo de Ilunion Outsourcing, SA.",https://www.boe.es/diario_boe/xml.php?id=BOE-A-2021-16786,https://www.boe.es/diario_boe/txt.php?id=BOE-A-2021-16786,https://www.boe.es/boe/dias/2021/10/15/pdfs/BOE-A-2021-16786.pdf,xml,4d538bc2807d8f75e688bc7258d6ac1cd1ea4472c15ef85a5c57bc6485d05cc8,204233,31182
20211115,2021,273,1,I. Disposiciones generales,9575,MINISTERIO PARA LA TRANSICIÓN ECOLÓGICA Y EL RETO DEMOGRÁFICO,Productos petrolíferos. Precios,BOE-A-2021-18613,"Resolución de 10 de noviembre de 2021, de la Dirección General de Política Energética y Minas, por la que se publican los nuevos precios de venta, antes de impuestos, de los gases licuados del petróleo por canalización.",https://www.boe.es/diario_boe/xml.php?id=BOE-A-2021-18613,https://www.boe.es/diario_boe/txt.php?id=BOE-A-2021-18613,https://www.boe.es/boe/dias/2021/11/15/pdfs/BOE-A-2021-18613.pdf,xml,4044e8d7e1ab6719c5e09905b55ed286e819da829f5b04e372aad1a4c3f0e056,7285,1087
20211115,2021,273,1,I. Disposiciones generales,9575,MINISTERIO PARA LA TRANSICIÓN ECOLÓGICA Y EL RETO DEMOGRÁFICO,Productos petrolíferos. Precios,BOE-A-2021-18614,"Resolución de 10 de noviembre de 2021, de la Dirección General de Política Energética y Minas, por la que se publican los nuevos precios máximos de venta, antes de impuestos, de los gases licuados del petróleo envasados, en envases de carga igual o superior a 8 kg, e inferior a 20 kg, excluidos los envases de mezcla para usos de los gases licuados del petróleo como carburante.",https://www.boe.es/diario_boe/xml.php?id=BOE-A-2021-18614,https://www.boe.es/diario_boe/txt.php?id=BOE-A-2021-18614,https://www.boe.es/boe/dias/2021/11/15/pdfs/BOE-A-2021-18614.pdf,xml,e868735a7fbec21e990df7a639b92e04b1f7d001a2bfbf450cf0793b2e617b13,5239,784
20211115,2021,273,2A,"II. Autoridades y personal. - A. Nombramientos, situaciones e incidencias",4810,MINISTERIO DE JUSTICIA,Situaciones,BOE-A-2021-18617,"Resolución de 10 de noviembre de 2021, de la Dirección General de Seguridad Jurídica y Fe Pública, por la que se deja sin efecto la de 20 de octubre de 2021, por la que se declara la jubilación voluntaria de la notaria de Segovia, doña María Antonia Santero de la Fuente.",https://www.boe.es/diario_boe/xml.php?id=BOE-A-2021-18617,https://www.boe.es/diario_boe/txt.php?id=BOE-A-2021-18617,https://www.boe.es/boe/dias/2021/11/15/pdfs/BOE-A-2021-18617.pdf,xml,34b17930934f654a0d97d3955c73b9495b6b0633a74f030963df9e4a4363311c,555,89
20211115,2021,273,2A,"II. Autoridades y personal. - A. Nombramientos, situaciones e incidencias",9279,MINISTERIO DE HACIENDA Y FUNCIÓN PÚBLICA,Nombramientos,BOE-A-2021-18619,"Resolución de 4 de noviembre de 2021, de la Secretaría de Estado de Función Pública, por la que se nombra personal funcionario de carrera, por el sistema general de acceso libre, del Cuerpo de Ingenieros Técnicos en Especialidades Agrícolas.",https://www.boe.es/diario_boe/xml.php?id=BOE-A-2021-18619,https://www.boe.es/diario_boe/txt.php?id=BOE-A-2021-18619,https://www.boe.es/boe/dias/2021/11/15/pdfs/BOE-A-2021-18619.pdf,xml,f1c532c73c06383b34c56951f5e4c78e3a48b95f69bbe0e08012a3e4ae99e60c,5024,724
20211115,2021,273,2A,"II. Autoridades y personal. - A. Nombramientos, situaciones e incidencias",310,UNIVERSIDADES,Nombramientos,BOE-A-2021-18622,"Resolución de 26 de octubre de 2021, de la Universidad de Oviedo, por la que se nombra Catedrático de Universidad a don Gil González Rodríguez.",https://www.boe.es/diario_boe/xml.php?id=BOE-A-2021-18622,https://www.boe.es/diario_boe/txt.php?id=BOE-A-2021-18622,https://www.boe.es/boe/dias/2021/11/15/pdfs/BOE-A-2021-18622.pdf,xml,9c65827544cc91a10238d71141348d4c2a0c6a58a1e56d8b04f8ace5d1cced55,1966,288
20211115,2021,273,2B,II. Autoridades y personal. - B. Oposiciones y concursos,3120,"MINISTERIO DE AGRICULTURA, PESCA Y ALIMENTACIÓN",Funcionarios de las Administraciones Públicas,BOE-A-2021-18640,"Resolución de 10 de noviembre de 2021, de la Subsecretaría, por la que se convoca la provisión de puestos de trabajo por el sistema de libre designación.",https://www.boe.es/diario_boe/xml.php?id=BOE-A-2021-18640,https://www.boe.es/diario_boe/txt.php?id=BOE-A-2021-18640,https://www.boe.es/boe/dias/2021/11/15/pdfs/BOE-A-2021-18640.pdf,xml,c2695468d118529fd34da0b4221059768d1f3c2a1330c9419e88ec6b2b092b66,9006,1303
20211115,2021,273,2B,II. Autoridades y personal. - B. Oposiciones y concursos,9525,ADMINISTRACIÓN LOCAL,Personal funcionario y laboral,BOE-A-2021-18661,"Resolución de 20 de octubre de 2021, del Ayuntamiento de Illescas (Toledo), referente a la convocatoria para proveer una plaza.",https://www.boe.es/diario_boe/xml.php?id=BOE-A-2021-18661,https://www.boe.es/diario_boe/txt.php?id=BOE-A-2021-18661,https://www.boe.es/boe/dias/2021/11/15/pdfs/BOE-A-2021-18661.pdf,xml,b106e07f2bccdea43995f50d6cf1941a4b5b585054aa6cd6193216b5b89ac8a4,869,138
20211115,2021,273,2B,II. Autoridades y personal. - B. Oposiciones y concursos,310,UNIVERSIDADES,Personal de administración y servicios,BOE-A-2021-18672,"Resolución de 29 de octubre 2021, de la Universitat de València, por la que se corrigen errores en la de 28 de septiembre de 2021, por la que se convocan pruebas selectivas de acceso, por el sistema general de acceso libre, a la Escala de Gestión Universitaria (Subgrupo A2).",https://www.boe.es/diario_boe/xml.php?id=BOE-A-2021-18672,https://www.boe.es/diario_boe/txt.php?id=BOE-A-2021-18672,https://www.boe.es/boe/dias/2021/11/15/pdfs/BOE-A-2021-18672.pdf,xml,fd129d234abb7e49b83191aeb25cf9fb187879e3373a4fab55bbbe7fd503e692,851,141
20211115,2021,273,3,III. Otras disposiciones,9570,MINISTERIO DE CULTURA Y DEPORTE,Patrimonio histórico,BOE-A-2021-18696,"Orden CUD/1244/2021, de 3 de noviembre, por la que se otorga la garantía del Estado a la pintura ""Retrato del Rey Carlos III de España"" de Antonio Rafael Mengs, del Museo de Bellas Artes de Copenhague (Dinamarca), para su exhibición en el Salón de Alabarderos del Palacio Real de Madrid.",https://www.boe.es/diario_boe/xml.php?id=BOE-A-2021-18696,https://www.boe.es/diario_boe/txt.php?id=BOE-A-2021-18696,https://www.boe.es/boe/dias/2021/11/15/pdfs/BOE-A-2021-18696.pdf,xml,3ccd02879d6c229b2fdb74b62ae5390e3cc8d366a3866f7434d2a2ccd63f4494,6301,1004
20211115,2021,273,3,III. Otras disposiciones,1040,COMISIÓN NACIONAL DEL MERCADO DE VALORES,Delegación de competencias,BOE-A-2021-18701,"Acuerdo de 27 de octubre de 2021, del Consejo de la Comisión Nacional del Mercado de Valores, sobre delegación de competencias.",https://www.boe.es/diario_boe/xml.php?id=BOE-A-2021-18701,https://www.boe.es/diario_boe/txt.php?id=BOE-A-2021-18701,https://www.boe.es/boe/dias/2021/11/15/pdfs/BOE-A-2021-18701.pdf,xml,cb546f4b74432a401624eb3318a9abd1a401ab974ee9fb53ef94b8aefe790892,64107,9787
20220115,2022,13,1,I. Disposiciones generales,9580,MINISTERIO DE UNIVERSIDADES,Títulos académicos,BOE-A-2022-618,"Resolución de 5 de enero de 2022, de la Secretaría General de Universidades, por la que se publica el Acuerdo del Consejo de Ministros de 28 de diciembre de 2021, por el que se establece el carácter oficial de determinados títulos de Grado y su inscripción en el Registro de Universidades, Centros y Títulos.",https://www.boe.es/diario_boe/xml.php?id=BOE-A-2022-618,https://www.boe.es/diario_boe/txt.php?id=BOE-A-2022-618,https://www.boe.es/boe/dias/2022/01/15/pdfs/BOE-A-2022-618.pdf,xml,941a16f1fdf1b1d9422c63731c025dec81f0d6f78c138b66ff8831a60ea0d342,6543,931
20220115,2022,13,1,I. Disposiciones generales,9580,MINISTERIO DE UNIVERSIDADES,Títulos académicos,BOE-A-2022-619,"Resolución de 5 de enero de 2022, de la Secretaría General de Universidades, por la que se publica el Acuerdo del Consejo de Ministros de 28 de diciembre de 2021, por el que se establece el carácter oficial de determinados títulos de Máster y su inscripción en el Registro de Universidades, Centros y Títulos.",https://www.boe.es/diario_boe/xml.php?id=BOE-A-2022-619,https://www.boe.es/diario_boe/txt.php?id=BOE-A-2022-619,https://www.boe.es/boe/dias/2022/01/15/pdfs/BOE-A-2022-619.pdf,xml,2bb565cbdc3f1b2735f806506f4e8438f3676884aa7cc73967c3ea1d664fce5a,14608,1919
20220115,2022,13,1,I. Disposiciones generales,9580,MINISTERIO DE UNIVERSIDADES,Títulos académicos,BOE-A-2022-620,"Resolución de 5 de enero de 2022, de la Secretaría General de Universidades, por la que se publica el Acuerdo del Consejo de Ministros de 28 de diciembre de 2021, por el que se establece el carácter oficial de determinados títulos de Doctor o Doctora y su inscripción en el Registro de Universidades, Centros y Títulos.",https://www.boe.es/diario_boe/xml.php?id=BOE-A-2022-620,https://www.boe.es/diario_boe/txt.php?id=BOE-A-2022-620,https://www.boe.es/boe/dias/2022/01/15/pdfs/BOE-A-2022-620.pdf,xml,436a60806dd9d24095ed46ea00cb1c535b23fd02770eb20f8890a51cbfc58bd6,4815,708
20220115,2022,13,2A,"II. Autoridades y personal. - A. Nombramientos, situaciones e incidencias",9562,"MINISTERIO DE ASUNTOS EXTERIORES, UNIÓN EUROPEA Y COOPERACIÓN",Destinos,BOE-A-2022-621,"Resolución de 27 de diciembre de 2021, de la Subsecretaría, por la que se corrigen errores en la de 15 de diciembre de 2021, por la que se resuelve parcialmente la convocatoria de libre designación, efectuada por Resolución de 22 de septiembre de 2021.",https://www.boe.es/diario_boe/xml.php?id=BOE-A-2022-621,https://www.boe.es/diario_boe/txt.php?id=BOE-A-2022-621,https://www.boe.es/boe/dias/2022/01/15/pdfs/BOE-A-2022-621.pdf,xml,642700b50bb1c746f13589e5682001fdb23d1b7d52d23e3be14e3097f26f0cea,658,95
20220115,2022,13,2B,II. Autoridades y personal. - B. Oposiciones y concursos,4810,MINISTERIO DE JUSTICIA,Funcionarios de la Administración del Estado,BOE-A-2022-623,"Resolución de 3 de enero de 2022, de la Subsecretaría, por la que se convoca la provisión de puesto de trabajo por el sistema de libre designación.",https://www.boe.es/diario_boe/xml.php?id=BOE-A-2022-623,https://www.boe.es/diario_boe/txt.php?id=BOE-A-2022-623,https://www.boe.es/boe/dias/2022/01/15/pdfs/BOE-A-2022-623.pdf,xml,209ef3c3cbeccc63555ead5a0a778608daad63d05b37d32ac62d7e34eb1e8231,3623,550
20220115,2022,13,2B,II. Autoridades y personal. - B. Oposiciones y concursos,5250,"MINISTERIO DE INDUSTRIA, COMERCIO Y TURISMO",Funcionarios de la Administración del Estado,BOE-A-2022-630,"Resolución de 30 de diciembre de 2021, de la Subsecretaría, por la que se convoca la provisión de puestos de trabajo por el sistema de libre designación, en las Oficinas Económicas y Comerciales en el exterior.",https://www.boe.es/diario_boe/xml.php?id=BOE-A-2022-630,https://www.boe.es/diario_boe/txt.php?id=BOE-A-2022-630,https://www.boe.es/boe/dias/2022/01/15/pdfs/BOE-A-2022-630.pdf,xml,58e0ede90badcb65df0eb968b1e911674040a219ea7f46975e6b8c45b5cad69c,6232,923
20220115,2022,13,2B,II. Autoridades y personal. - B. Oposiciones y concursos,5250,"MINISTERIO DE INDUSTRIA, COMERCIO Y TURISMO",Funcionarios de la Administración del Estado,BOE-A-2022-632,"Resolución de 30 de diciembre de 2021, de la Subsecretaría, por la que se convoca la provisión de puestos de trabajo por el sistema de libre designación, en las Oficinas Económicas y Comerciales en el exterior.",https://www.boe.es/diario_boe/xml.php?id=BOE-A-2022-632,https://www.boe.es/diario_boe/txt.php?id=BOE-A-2022-632,https://www.boe.es/boe/dias/2022/01/15/pdfs/BOE-A-2022-632.pdf,xml,f23f468bf40ed3ffce7fdd2adbde266ce805b760d76b65fe0f47fc54c6df939c,11233,1560
20220115,2022,13,3,III. Otras disposiciones,9573,MINISTERIO DE TRABAJO Y ECONOMÍA SOCIAL,Convenios colectivos de trabajo,BOE-A-2022-652,"Resolución de 2 de diciembre de 2021, de la Dirección General de Trabajo, por la que se registra y publica el Convenio colectivo de Construcciones y Auxiliar de Ferrocarriles, SA.",https://www.boe.es/diario_boe/xml.php?id=BOE-A-2022-652,https://www.boe.es/diario_boe/txt.php?id=BOE-A-2022-652,https://www.boe.es/boe/dias/2022/01/15/pdfs/BOE-A-2022-652.pdf,xml,06ec601a203ccfaf2f5d72b663f72c1c323e6d367126498dd9245465724fb560,141846,19459
20220115,2022,13,3,III. Otras disposiciones,5250,"MINISTERIO DE INDUSTRIA, COMERCIO Y TURISMO",Convenios,BOE-A-2022-655,"Resolución de 4 de enero de 2022, de la Oficina Española de Patentes y Marcas, O.A., por la que se publica la Adenda al Convenio con el Ministerio de Industria, Comercio y Turismo y la Cámara Oficial de Comercio, Industria, Servicios y Navegación de España, para el desarrollo del Centro de Apoyo a la Pyme para la Protección de la Innovación.",https://www.boe.es/diario_boe/xml.php?id=BOE-A-2022-655,https://www.boe.es/diario_boe/txt.php?id=BOE-A-2022-655,https://www.boe.es/boe/dias/2022/01/15/pdfs/BOE-A-2022-655.pdf,xml,abd50f20b42e9e2980a3a3f78088a8a0bf9ed2355e86ae9259884626bf96d7eb,19937,3013
20220115,2022,13,3,III. Otras disposiciones,9523,MINISTERIO DE POLÍTICA TERRITORIAL,Delegación de competencias,BOE-A-2022-661,"Resolucion de 10 de enero de 2022, de la Delegación del Gobierno en Castilla-La Mancha, por la que se corrigen errores en la de 25 de noviembre de 2021, sobre delegación de competencias.",https://www.boe.es/diario_boe/xml.php?id=BOE-A-2022-661,https://www.boe.es/diario_boe/txt.php?id=BOE-A-2022-661,https://www.boe.es/boe/dias/2022/01/15/pdfs/BOE-A-2022-661.pdf,xml,1f3abe79cd768979887ece4efbe246c18b1d4f4b813a35f981e8d41997956f60,1125,162
20220215,2022,39,1,I. Disposiciones generales,9575,MINISTERIO PARA LA TRANSICIÓN ECOLÓGICA Y EL RETO DEMOGRÁFICO,Aceites,BOE-A-2022-2328,"Orden TED/92/2022, de 8 de febrero, por la que se determina la consideración como subproducto de los orujos grasos procedentes de almazara, cuando son destinados a la extracción de aceite de orujo de oliva crudo.",https://www.boe.es/diario_boe/xml.php?id=BOE-A-2022-2328,https://www.boe.es/diario_boe/txt.php?id=BOE-A-2022-2328,https://www.boe.es/boe/dias/2022/02/15/pdfs/BOE-A-2022-2328.pdf,xml,e5500204ab6eff732ee18b40557b79a2480549fcad7e9770ad5118b05508c219,28929,4524
20220215,2022,39,1,I. Disposiciones generales,9576,MINISTERIO DE ASUNTOS ECONÓMICOS Y TRANSFORMACIÓN DIGITAL,Ayudas,BOE-A-2022-2329,"Corrección de errores del Real Decreto 990/2021, de 16 de noviembre, por el que se aprueba la concesión directa de ayudas a las comunidades autónomas y a las ciudades de Ceuta y Melilla para la ejecución de diversas actuaciones de mejora de las infraestructuras de telecomunicaciones en edificios, en el marco del Plan de Recuperación, Transformación y Resiliencia.",https://www.boe.es/diario_boe/xml.php?id=BOE-A-2022-2329,https://www.boe.es/diario_boe/txt.php?id=BOE-A-2022-2329,https://www.boe.es/boe/dias/2022/02/15/pdfs/BOE-A-2022-2329.pdf,xml,362b3b69ebb4f0445a59c779f470438b2ff5624a4a832ed7d5918ec85534431e,681,106
20220215,2022,39,1,I. Disposiciones generales,8170,COMUNIDAD FORAL DE NAVARRA,Impuestos,BOE-A-2022-2330,"Decreto Foral Legislativo 1/2022, de 2 de febrero, de Armonización Tributaria, por el que se modifica el Impuesto sobre el Valor Añadido y el Impuesto sobre el Valor de la Producción de la Energía Eléctrica.",https://www.boe.es/diario_boe/xml.php?id=BOE-A-2022-2330,https://www.boe.es/diario_boe/txt.php?id=BOE-A-2022-2330,https://www.boe.es/boe/dias/2022/02/15/pdfs/BOE-A-2022-2330.pdf,xml,11da7207d3bc0ab4f16f11f393dba8e30b6df9da432962f9d141fa246e99caad,17681,2680
20220215,2022,39,2A,"II. Autoridades y personal. - A. Nombramientos, situaciones e incidencias",1820,CONSEJO GENERAL DEL PODER JUDICIAL,Nombramientos,BOE-A-2022-2331,"Acuerdo de 3 de febrero de 2022, de la Comisión Permanente del Consejo General del Poder Judicial, por el que se nombran Juezas sustitutas para el año judicial 2021/2022, en el ámbito del Tribunal Superior de Justicia de Canarias.",https://www.boe.es/diario_boe/xml.php?id=BOE-A-2022-2331,https://www.boe.es/diario_boe/txt.php?id=BOE-A-2022-2331,https://www.boe.es/boe/dias/2022/02/15/pdfs/BOE-A-2022-2331.pdf,xml,5b1383204eb57901b2368e7f45733880749529c1198cc35cc89036868415bb18,1487,236
20220215,2022,39,2A,"II. Autoridades y personal. - A. Nombramientos, situaciones e incidencias",1820,CONSEJO GENERAL DEL PODER JUDICIAL,Nombramientos,BOE-A-2022-2333,"Acuerdo de 9 de febrero de 2022, de la Comisión Permanente del Consejo General del Poder Judicial, por el que se nombra Jueza sustituta para el año judicial 2021/2022, en el ámbito del Tribunal Superior de Justicia de Cataluña.",https://www.boe.es/diario_boe/xml.php?id=BOE-A-2022-2333,https://www.boe.es/diario_boe/txt.php?id=BOE-A-2022-2333,https://www.boe.es/boe/dias/2022/02/15/pdfs/BOE-A-2022-2333.pdf,xml,956bcf3a14137a07ff0b95a2250c69739045430d8350b72c45beb70aa0557d36,2330,350
20220215,2022,39,2A,"II. Autoridades y personal. - A. Nombramientos, situaciones e incidencias",4810,MINISTERIO DE JUSTICIA,Bajas,BOE-A-2022-2336,"Orden JUS/93/2022, de 3 de febrero, por la que se acuerda la pérdida de la condición de funcionaria del Cuerpo de Tramitación Procesal y Administrativa de la Administración de Justicia de doña María del Carmen Jiménez Nolasco.",https://www.boe.es/diario_boe/xml.php?id=BOE-A-2022-2336,https://www.boe.es/diario_boe/txt.php?id=BOE-A-2022-2336,https://www.boe.es/boe/dias/2022/02/15/pdfs/BOE-A-2022-2336.pdf,xml,6909f41f0ca8661c87680d219e367eddc7b68164c2f7cf6716adccf93318f7c4,1451,218
20220215,2022,39,2B,II. Autoridades y personal. - B. Oposiciones y concursos,9279,MINISTERIO DE HACIENDA Y FUNCIÓN PÚBLICA,Funcionarios de administración local con habilitación de carácter nacional,BOE-A-2022-2351,"Resolución de 13 de febrero de 2022, de la Dirección General de la Función Pública, por la que se corrigen errores en la de 3 de febrero de 2022, por la que se amplía y corrigen errores en la de 21 de diciembre de 2021, por la que se convoca concurso unitario de provisión de puestos de trabajo reservados a personal funcionario de administración local con habilitación de carácter nacional.",https://www.boe.es/diario_boe/xml.php?id=BOE-A-2022-2351,https://www.boe.es/diario_boe/txt.php?id=BOE-A-2022-2351,https://www.boe.es/boe/dias/2022/02/15/pdfs/BOE-A-2022-2351.pdf,xml,9084bfd1a72a62fc6eb98dd5ff3cf1d64fd21a337a229691c4fea1fbeb42c2cf,1920,290
20220215,2022,39,2B,II. Autoridades y personal. - B. Oposiciones y concursos,4335,MINISTERIO DE SANIDAD,Funcionarios de las Administraciones Públicas,BOE-A-2022-2369,"Resolución de 1 de febrero de 2022, de la Subsecretaría, por la que se convoca la provisión de puesto de trabajo por el sistema de libre designación.",https://www.boe.es/diario_boe/xml.php?id=BOE-A-2022-2369,https://www.boe.es/diario_boe/txt.php?id=BOE-A-2022-2369,https://www.boe.es/boe/dias/2022/02/15/pdfs/BOE-A-2022-2369.pdf,xml,6b38fd6677a05016bda49bc8d29ee5f4308d8ff4e3e9159b98517fbe08a04fa9,3367,505
20220215,2022,39,3,III. Otras disposiciones,7320,MINISTERIO DEL INTERIOR,Convenios,BOE-A-2022-2421,"Resolución de 9 de febrero de 2022, de la Secretaría General Técnica, por la que se publica el Convenio entre la Secretaría de Estado de Seguridad y el Ayuntamiento de Poio, en materia de seguridad.",https://www.boe.es/diario_boe/xml.php?id=BOE-A-2022-2421,https://www.boe.es/diario_boe/txt.php?id=BOE-A-2022-2421,https://www.boe.es/boe/dias/2022/02/15/pdfs/BOE-A-2022-2421.pdf,xml,a9891752ded73083536befc2cc186f8d435cd613f8f3d5cc159b24ed293ae9db,17725,2683
20220215,2022,39,3,III. Otras disposiciones,9563,MINISTERIO DE EDUCACIÓN Y FORMACIÓN PROFESIONAL,Convenios,BOE-A-2022-2425,"Resolución de 8 de febrero de 2022, de la Secretaría General Técnica, por la que se publica el Convenio con el Ayuntamiento de Barreiros, para el desarrollo del programa de formación abierta ""Aula Mentor"".",https://www.boe.es/diario_boe/xml.php?id=BOE-A-2022-2425,https://www.boe.es/diario_boe/txt.php?id=BOE-A-2022-2425,https://www.boe.es/boe/dias/2022/02/15/pdfs/BOE-A-2022-2425.pdf,xml,ee0f5124b710224836ad0480ffa09c3116a639afe8cab31426bd8579949aa6b2,19422,2961
20220415,2022,90,1,I. Disposiciones generales,9562,"MINISTERIO DE ASUNTOS EXTERIORES, UNIÓN EUROPEA Y COOPERACIÓN",Tratados internacionales,BOE-A-2022-6170,"Texto enmendado del Anexo al Convenio contra el dopaje, hecho en Estrasburgo el 16 de noviembre de 1989, cuyas Enmiendas fueron adoptadas en Estrasburgo el 7 de diciembre de 2021.",https://www.boe.es/diario_boe/xml.php?id=BOE-A-2022-6170,https://www.boe.es/diario_boe/txt.php?id=BOE-A-2022-6170,https://www.boe.es/boe/dias/2022/04/15/pdfs/BOE-A-2022-6170.pdf,xml,fd38735f728d8ef0d2448edcc6fa89cfdfcfe31364a2f8c628818c1ab2dea720,23021,2760
20220415,2022,90,1,I. Disposiciones generales,9578,MINISTERIO DE CONSUMO,Organización,BOE-A-2022-6171,"Orden CSM/327/2022, de 11 de abril, por la que se modifica la Orden CSM/1271/2021, de 15 de noviembre, por la que se crea la Comisión Ministerial de Administración Digital del Ministerio de Consumo y se regula su composición y funciones.",https://www.boe.es/diario_boe/xml.php?id=BOE-A-2022-6171,https://www.boe.es/diario_boe/txt.php?id=BOE-A-2022-6171,https://www.boe.es/boe/dias/2022/04/15/pdfs/BOE-A-2022-6171.pdf,xml,00b4962fa0a59367194b474020e2c1c0aec542d8f64bd19b1a7d4e7757a1bf5a,4014,611
20220415,2022,90,2A,"II. Autoridades y personal. - A. Nombramientos, situaciones e incidencias",6110,MINISTERIO DE DEFENSA,Ceses,BOE-A-2022-6173,"Resolución 430/38144/2022, de 6 de abril, de la Secretaría de Estado de Defensa, por la que se dispone el cese del Vicealmirante del Cuerpo General de la Armada don Alfonso Carlos Fernández de Córdoba Gómez como Secretario General del Instituto Nacional de Técnica Aeroespacial ""Esteban Terradas"".",https://www.boe.es/diario_boe/xml.php?id=BOE-A-2022-6173,https://www.boe.es/diario_boe/txt.php?id=BOE-A-2022-6173,https://www.boe.es/boe/dias/2022/04/15/pdfs/BOE-A-2022-6173.pdf,xml,e97a642f58ca101990a51f08ff37bd5d80bed6a5be873581e6858c3f54d43f70,584,90
20220415,2022,90,2A,"II. Autoridades y personal. - A. Nombramientos, situaciones e incidencias",1840,CONSEJO DE SEGURIDAD NUCLEAR,Destinos,BOE-A-2022-6177,"Resolución de 31 de marzo de 2022, del Consejo de Seguridad Nuclear, por la que se resuelve la convocatoria de libre designación, efectuada por Resolución de 28 de enero de 2022.",https://www.boe.es/diario_boe/xml.php?id=BOE-A-2022-6177,https://www.boe.es/diario_boe/txt.php?id=BOE-A-2022-6177,https://www.boe.es/boe/dias/2022/04/15/pdfs/BOE-A-2022-6177.pdf,xml,ef1549912aedb58be50c8e852142b51fd138ce2147db54b72f9246c0cb0bf09c,2684,407
20220415,2022,90,2A,"II. Autoridades y personal. - A. Nombramientos, situaciones e incidencias",1840,CONSEJO DE SEGURIDAD NUCLEAR,Destinos,BOE-A-2022-6178,"Resolución de 7 de abril de 2022, del Consejo de Seguridad Nuclear, por la que se resuelve el concurso general, convocado por Resolución de 3 de febrero de 2022.",https://www.boe.es/diario_boe/xml.php?id=BOE-A-2022-6178,https://www.boe.es/diario_boe/txt.php?id=BOE-A-2022-6178,https://www.boe.es/boe/dias/2022/04/15/pdfs/BOE-A-2022-6178.pdf,xml,718da2b3eb48ec6a5035b3f0d853ebe3d55d03eb4a00a796eaee6a425be7ffe1,4349,592
20220415,2022,90,2B,II. Autoridades y personal. - B. Oposiciones y concursos,9573,MINISTERIO DE TRABAJO Y ECONOMÍA SOCIAL,Funcionarios de las Administraciones Públicas,BOE-A-2022-6193,"Resolución de 8 de abril de 2022, de la Subsecretaría, por la que se convoca la provisión de puesto de trabajo por el sistema de libre designación, en el Instituto Nacional de Seguridad y Salud en el Trabajo.",https://www.boe.es/diario_boe/xml.php?id=BOE-A-2022-6193,https://www.boe.es/diario_boe/txt.php?id=BOE-A-2022-6193,https://www.boe.es/boe/dias/2022/04/15/pdfs/BOE-A-2022-6193.pdf,xml,b4a0bb6864da3cd4248934284f299eded72a16152debeeed5e07df87fb193e1f,3176,470
20220415,2022,90,2B,II. Autoridades y personal. - B. Oposiciones y concursos,9575,MINISTERIO PARA LA TRANSICIÓN ECOLÓGICA Y EL RETO DEMOGRÁFICO,Funcionarios de la Administración del Estado,BOE-A-2022-6203,"Resolución de 12 de abril de 2022, de la Subsecretaría, por la que se convoca la provisión de puesto de trabajo por el sistema de libre designación.",https://www.boe.es/diario_boe/xml.php?id=BOE-A-2022-6203,https://www.boe.es/diario_boe/txt.php?id=BOE-A-2022-6203,https://www.boe.es/boe/dias/2022/04/15/pdfs/BOE-A-2022-6203.pdf,xml,76296958463e93b85ca177db921b0465fbd6270cead7484c37858bacae68f0a0,4933,721
20220415,2022,90,2B,II. Autoridades y personal. - B. Oposiciones y concursos,9525,ADMINISTRACIÓN LOCAL,Personal funcionario,BOE-A-2022-6215,"Resolución de 4 de abril de 2022, de la Diputación Provincial de Valencia, referente a la convocatoria para proveer puesto de trabajo por el sistema de libre designación.",https://www.boe.es/diario_boe/xml.php?id=BOE-A-2022-6215,https://www.boe.es/diario_boe/txt.php?id=BOE-A-2022-6215,https://www.boe.es/boe/dias/2022/04/15/pdfs/BOE-A-2022-6215.pdf,xml,06b4fea71bbe48d41c255d70807ebaaed43875fee6c9d8311461042d98037dc4,845,130
20220415,2022,90,3,III. Otras disposiciones,9574,"MINISTERIO DE LA PRESIDENCIA, RELACIONES CON LAS CORTES Y MEMORIA DEMOCRÁTICA",Comunidad de Castilla y León. Convenio,BOE-A-2022-6260,"Resolución de 11 de abril de 2022, de la Subsecretaría, por la que se publica el Convenio entre el Ministerio de Cultura y Deporte, el Ministerio de Hacienda y Función Pública, la Junta de Castilla y León y la Fundación de Castilla y León, para la creación de la Comisión Interadministrativa del acontecimiento de excepcional interés público ""El Tiempo de la libertad, Comuneros V Centenario"".",https://www.boe.es/diario_boe/xml.php?id=BOE-A-2022-6260,https://www.boe.es/diario_boe/txt.php?id=BOE-A-2022-6260,https://www.boe.es/boe/dias/2022/04/15/pdfs/BOE-A-2022-6260.pdf,xml,be9e602d91aab8baaa8a72cda378edbc4402d7eb6d5c63e631100efa099ce74e,24548,3763
20220415,2022,90,3,III. Otras disposiciones,1840,CONSEJO DE SEGURIDAD NUCLEAR,Convenios,BOE-A-2022-6271,"Resolución de 6 de abril de 2022, del Consejo de Seguridad Nuclear, por la que se publica el Convenio con la Agrupación de Municipios de áreas con centrales nucleares y almacenamiento de residuos radiactivos, para reforzar la comunicación de la población de las áreas con instalaciones nucleares de España y valorar su percepción sobre la información suministrada.",https://www.boe.es/diario_boe/xml.php?id=BOE-A-2022-6271,https://www.boe.es/diario_boe/txt.php?id=BOE-A-2022-6271,https://www.boe.es/boe/dias/2022/04/15/pdfs/BOE-A-2022-6271.pdf,xml,016e393735e582f5b4f5863eab1251ff07047a9a3cbe898a8f3ef9ae0d64c6ce,38381,5878
20220516,2022,116,1,I. Disposiciones generales,9575,MINISTERIO PARA LA TRANSICIÓN ECOLÓGICA Y EL RETO DEMOGRÁFICO,Productos petrolíferos. Precios,BOE-A-2022-7877,"Resolución de 12 de mayo de 2022, de la Dirección General de Política Energética y Minas, por la que se publican los nuevos precios de venta, antes de impuestos, de los gases licuados del petróleo por canalización.",https://www.boe.es/diario_boe/xml.php?id=BOE-A-2022-7877,https://www.boe.es/diario_boe/txt.php?id=BOE-A-2022-7877,https://www.boe.es/boe/dias/2022/05/16/pdfs/BOE-A-2022-7877.pdf,xml,82d0fc09ca5755e1f05da10326ae53bebe97db7300aad78de6e6ca6fa4ea8947,7260,1087
20220516,2022,116,1,I. Disposiciones generales,9575,MINISTERIO PARA LA TRANSICIÓN ECOLÓGICA Y EL RETO DEMOGRÁFICO,Productos petrolíferos. Precios,BOE-A-2022-7878,"Resolución de 12 de mayo de 2022, de la Dirección General de Política Energética y Minas, por la que se publican los nuevos precios máximos de venta, antes de impuestos, de los gases licuados del petróleo envasados, en envases de carga igual o superior a 8 kg, e inferior a 20 kg, excluidos los envases de mezcla para usos de los gases licuados del petróleo como carburante.",https://www.boe.es/diario_boe/xml.php?id=BOE-A-2022-7878,https://www.boe.es/diario_boe/txt.php?id=BOE-A-2022-7878,https://www.boe.es/boe/dias/2022/05/16/pdfs/BOE-A-2022-7878.pdf,xml,92af659955b36d1cc1d65c2c7dd1a040fb7f82cd54818d2eac2de43884939aaf,5187,784
20220516,2022,116,1,I. Disposiciones generales,1430,TRIBUNAL SUPREMO,Sentencias,BOE-A-2022-7879,"Sentencia de 28 de marzo de 2022, de la Sala Tercera del Tribunal Supremo, que estima parcialmente el recurso contencioso-administrativo interpuesto por Cide Hcenergía, SA, y CHC Comercializador de Referencia, SLU, contra el Real Decreto 897/2017, de 6 de octubre, por el que se regula la figura del consumidor vulnerable, el bono social y otras medidas de protección para los consumidores domésticos de energía eléctrica.",https://www.boe.es/diario_boe/xml.php?id=BOE-A-2022-7879,https://www.boe.es/diario_boe/txt.php?id=BOE-A-2022-7879,https://www.boe.es/boe/dias/2022/05/16/pdfs/BOE-A-2022-7879.pdf,xml,226827314f9fcc9dee4997be95831d2f7893f020f7df8363394e5f660dc14c2b,3932,579
20220516,2022,116,2A,"II. Autoridades y personal. - A. Nombramientos, situaciones e incidencias",9575,MINISTERIO PARA LA TRANSICIÓN ECOLÓGICA Y EL RETO DEMOGRÁFICO,Destinos,BOE-A-2022-7889,"Resolución de 5 de mayo de 2022, de la Agencia Estatal de Meteorología, por la que se resuelve la convocatoria de libre designación, efectuada por Resolución de 29 de marzo de 2022.",https://www.boe.es/diario_boe/xml.php?id=BOE-A-2022-7889,https://www.boe.es/diario_boe/txt.php?id=BOE-A-2022-7889,https://www.boe.es/boe/dias/2022/05/16/pdfs/BOE-A-2022-7889.pdf,xml,5d7083c02b11d9cb25adb7bda8bc8e118880b7bfe2923559dc62df97068c9b47,2803,412
20220516,2022,116,2A,"II. Autoridades y personal. - A. Nombramientos, situaciones e incidencias",310,UNIVERSIDADES,Nombramientos,BOE-A-2022-7892,"Resolución de 5 de mayo de 2022, de la Universidad de Sevilla, por la que se nombra Catedrático de Universidad a don Antonio José Moreno Vargas.",https://www.boe.es/diario_boe/xml.php?id=BOE-A-2022-7892,https://www.boe.es/diario_boe/txt.php?id=BOE-A-2022-7892,https://www.boe.es/boe/dias/2022/05/16/pdfs/BOE-A-2022-7892.pdf,xml,43d22c2ded9ae7910e8d8f92b037f7171db416204d5b47d04868dcb8268f698c,1743,256
20220516,2022,116,2A,"II. Autoridades y personal. - A. Nombramientos, situaciones e incidencias",310,UNIVERSIDADES,Nombramientos,BOE-A-2022-7894,"Resolución de 5 de mayo de 2022, de la Universidad de Sevilla, por la que se nombra Profesora Titular de Universidad a doña Ana Torres García.",https://www.boe.es/diario_boe/xml.php?id=BOE-A-2022-7894,https://www.boe.es/diario_boe/txt.php?id=BOE-A-2022-7894,https://www.boe.es/boe/dias/2022/05/16/pdfs/BOE-A-2022-7894.pdf,xml,f348b0c8db0726acb41eb47e9564fc5e1ff77657ecaece48d7fb6b0471f1b3cd,1774,259
20220516,2022,116,2B,II. Autoridades y personal. - B. Oposiciones y concursos,4335,MINISTERIO DE SANIDAD,Funcionarios de la Administración del Estado,BOE-A-2022-7923,"Resolución de 11 de mayo de 2022, de la Subsecretaría, por la que se convoca la provisión de puestos de trabajo por el sistema de libre designación.",https://www.boe.es/diario_boe/xml.php?id=BOE-A-2022-7923,https://www.boe.es/diario_boe/txt.php?id=BOE-A-2022-7923,https://www.boe.es/boe/dias/2022/05/16/pdfs/BOE-A-2022-7923.pdf,xml,d78e5a80493aa6466701fdf7ef55c3e15cb4fc04cf8527717f22d7e0cd97c661,3525,520
20220516,2022,116,2B,II. Autoridades y personal. - B. Oposiciones y concursos,9525,ADMINISTRACIÓN LOCAL,Personal funcionario y laboral,BOE-A-2022-7961,"Resolución de 6 de mayo de 2022, del Ayuntamiento de Boadilla del Monte (Madrid), referente a la convocatoria para proveer una plaza.",https://www.boe.es/diario_boe/xml.php?id=BOE-A-2022-7961,https://www.boe.es/diario_boe/txt.php?id=BOE-A-2022-7961,https://www.boe.es/boe/dias/2022/05/16/pdfs/BOE-A-2022-7961.pdf,xml,1a27b0267b169e7fa25945d29c7d008b486c13da835ee7c26f60ae64600fd67b,974,146
20220516,2022,116,3,III. Otras disposiciones,9563,MINISTERIO DE EDUCACIÓN Y FORMACIÓN PROFESIONAL,Enseñanzas artísticas,BOE-A-2022-8041,"Orden EFP/433/2022, de 5 de mayo, por la que se homologa el plan de estudios del Título de Máster en Enseñanzas Artísticas de Pedagogía Musical de la Escuela Superior de Música Nuestra Señora de Loreto de Madrid.",https://www.boe.es/diario_boe/xml.php?id=BOE-A-2022-8041,https://www.boe.es/diario_boe/txt.php?id=BOE-A-2022-8041,https://www.boe.es/boe/dias/2022/05/16/pdfs/BOE-A-2022-8041.pdf,xml,9ea83aad3b53e501e98031323a9896c568d6e58049909488bff6560c80e47c1c,2151,326
20220516,2022,116,3,III. Otras disposiciones,9575,MINISTERIO PARA LA TRANSICIÓN ECOLÓGICA Y EL RETO DEMOGRÁFICO,Impacto ambiental,BOE-A-2022-8049,"Resolución de 4 de mayo de 2022, de la Dirección General de Calidad y Evaluación Ambiental, por la que se formula declaración de impacto ambiental del proyecto ""Parque Fotovoltaico Ictio Orión de 150 MWp/125,84 MWn, en Torrecillas de la Tiesa, y su infraestructura de evacuación, en Torrecillas de la Tiesa y Aldeacentenera (Cáceres)"".",https://www.boe.es/diario_boe/xml.php?id=BOE-A-2022-8049,https://www.boe.es/diario_boe/txt.php?id=BOE-A-2022-8049,https://www.boe.es/boe/dias/2022/05/16/pdfs/BOE-A-2022-8049.pdf,xml,c1515a45ee8892202c38f724cf74fbd32389bb5c44941bbeea6080034630e48f,71264,10886
20220715,2022,169,1,I. Disposiciones generales,7320,MINISTERIO DEL INTERIOR,Fronteras,BOE-A-2022-11722,"Orden INT/661/2022, de 14 de julio, por la que se prorroga la Orden INT/657/2020, de 17 de julio, por la que se modifican los criterios para la aplicación de una restricción temporal de viajes no imprescindibles desde terceros países a la Unión Europea y países asociados Schengen por razones de orden público y salud pública con motivo de la crisis sanitaria ocasionada por la COVID-19.",https://www.boe.es/diario_boe/xml.php?id=BOE-A-2022-11722,https://www.boe.es/diario_boe/txt.php?id=BOE-A-2022-11722,https://www.boe.es/boe/dias/2022/07/15/pdfs/BOE-A-2022-11722.pdf,xml,b782a83e2e098bd601bdd1503a8cac9fdfefa2d03baba269fdf8bbadd996ec07,3702,560
20220715,2022,169,2A,"II. Autoridades y personal. - A. Nombramientos, situaciones e incidencias",5250,"MINISTERIO DE INDUSTRIA, COMERCIO Y TURISMO",Destinos,BOE-A-2022-11725,"Resolución de 7 de julio de 2022, de la Subsecretaría, por la que se resuelve el concurso específico, convocado por Resolución de 26 de abril de 2022, en la Oficina Española de Patentes y Marcas, O.A.",https://www.boe.es/diario_boe/xml.php?id=BOE-A-2022-11725,https://www.boe.es/diario_boe/txt.php?id=BOE-A-2022-11725,https://www.boe.es/boe/dias/2022/07/15/pdfs/BOE-A-2022-11725.pdf,xml,1dd36adca95addaa33bbcc514d39643a9f580b0c2647c8c7adf2836dfaa4ef34,13052,1907
20220715,2022,169,2A,"II. Autoridades y personal. - A. Nombramientos, situaciones e incidencias",310,UNIVERSIDADES,Nombramientos,BOE-A-2022-11733,"Resolución de 30 de junio de 2022, de la Universidad Politécnica de Cataluña, por la que se nombra Catedrático de Universidad a don Juan Carlos Collado Gomez.",https://www.boe.es/diario_boe/xml.php?id=BOE-A-2022-11733,https://www.boe.es/diario_boe/txt.php?id=BOE-A-2022-11733,https://www.boe.es/boe/dias/2022/07/15/pdfs/BOE-A-2022-11733.pdf,xml,35c194b3f640db5fd63c74c78663fc9b7878485c0a18c0a05b845cf348b0224a,2472,375
20220715,2022,169,2A,"II. Autoridades y personal. - A. Nombramientos, situaciones e incidencias",310,UNIVERSIDADES,Nombramientos,BOE-A-2022-11739,"Resolución de 5 de julio de 2022, de la Universidad de Salamanca, por la que se nombra Catedrático de Universidad a don Juan Bautista Vivero Serrano.",https://www.boe.es/diario_boe/xml.php?id=BOE-A-2022-11739,https://www.boe.es/diario_boe/txt.php?id=BOE-A-2022-11739,https://www.boe.es/boe/dias/2022/07/15/pdfs/BOE-A-2022-11739.pdf,xml,56696b0d8aa1be3520c8f0c64bb7218aec629551e368c8a51fad99d8b351d697,2257,346
20220715,2022,169,2B,II. Autoridades y personal. - B. Oposiciones y concursos,4810,MINISTERIO DE JUSTICIA,Funcionarios de las Administraciones Públicas,BOE-A-2022-11749,"Resolución de 8 de julio de 2022, de la Subsecretaría, por la que se convoca la provisión de puesto de trabajo por el sistema de libre designación, en la Abogacía General del Estado-Dirección del Servicio Jurídico del Estado.",https://www.boe.es/diario_boe/xml.php?id=BOE-A-2022-11749,https://www.boe.es/diario_boe/txt.php?id=BOE-A-2022-11749,https://www.boe.es/boe/dias/2022/07/15/pdfs/BOE-A-2022-11749.pdf,xml,07ccbefda859923eac43a2b9ee5f9ad0a8c3887c668cc8b0a4937c431b6bd788,5067,741
20220715,2022,169,2B,II. Autoridades y personal. - B. Oposiciones y concursos,9575,MINISTERIO PARA LA TRANSICIÓN ECOLÓGICA Y EL RETO DEMOGRÁFICO,Funcionarios de la Administración del Estado,BOE-A-2022-11760,"Resolución de 12 de julio de 2022, de la Subsecretaría, por la que se convoca la provisión de puestos de trabajo por el sistema de libre designación.",https://www.boe.es/diario_boe/xml.php?id=BOE-A-2022-11760,https://www.boe.es/diario_boe/txt.php?id=BOE-A-2022-11760,https://www.boe.es/boe/dias/2022/07/15/pdfs/BOE-A-2022-11760.pdf,xml,ac0b14b8a0ef9446238a69fe5e881ed75884af8d5b5af6a84854f2d63bbcdc49,12402,1762
20220715,2022,169,2B,II. Autoridades y personal. - B. Oposiciones y concursos,4335,MINISTERIO DE SANIDAD,Funcionarios de la Administración del Estado,BOE-A-2022-11764,"Resolución de 12 de julio de 2022, de la Subsecretaría, por la que se convoca la provisión de puestos de trabajo por el sistema de libre designación.",https://www.boe.es/diario_boe/xml.php?id=BOE-A-2022-11764,https://www.boe.es/diario_boe/txt.php?id=BOE-A-2022-11764,https://www.boe.es/boe/dias/2022/07/15/pdfs/BOE-A-2022-11764.pdf,xml,0bff16b466323e177fd4ab2497fd79451a25278068652a97efdcdea1a9c63601,3522,518
20220715,2022,169,3,III. Otras disposiciones,6110,MINISTERIO DE DEFENSA,Convenios,BOE-A-2022-11788,"Resolución 420/38281/2022, de 6 de julio, de la Secretaría General Técnica, por la que se publica el Convenio con la Fundación Amigos del Museo del Prado, para la adhesión a la fundación del personal de la Armada.",https://www.boe.es/diario_boe/xml.php?id=BOE-A-2022-11788,https://www.boe.es/diario_boe/txt.php?id=BOE-A-2022-11788,https://www.boe.es/boe/dias/2022/07/15/pdfs/BOE-A-2022-11788.pdf,xml,31b2fb305674cd2b0e53391b353469af0621a07b4e99336d16322b0a6c95b6b7,12296,1926
20220715,2022,169,3,III. Otras disposiciones,9279,MINISTERIO DE HACIENDA Y FUNCIÓN PÚBLICA,Números de identificación fiscal,BOE-A-2022-11790,"Resolución de 11 de julio de 2022, del Departamento de Gestión Tributaria de la Agencia Estatal de Administración Tributaria, por la que se publica la revocación de números de identificación fiscal.",https://www.boe.es/diario_boe/xml.php?id=BOE-A-2022-11790,https://www.boe.es/diario_boe/txt.php?id=BOE-A-2022-11790,https://www.boe.es/boe/dias/2022/07/15/pdfs/BOE-A-2022-11790.pdf,xml,abf2f696cfd9094a51b64dc405158adf63966d13ddef243a399d1ab48838aab8,792734,91951
20220715,2022,169,3,III. Otras disposiciones,9580,MINISTERIO DE UNIVERSIDADES,Convenios,BOE-A-2022-11803,"Resolución de 5 de julio de 2022, de la Universidad Internacional Menéndez Pelayo, O.A., M.P., por la que se publica el Convenio con la Fundación Estudios e Investigación Aspasia para la Formación y el Empleo, para la realización del encuentro ""La transición digital: una oportunidad para la formación, la economía y el empleo"".",https://www.boe.es/diario_boe/xml.php?id=BOE-A-2022-11803,https://www.boe.es/diario_boe/txt.php?id=BOE-A-2022-11803,https://www.boe.es/boe/dias/2022/07/15/pdfs/BOE-A-2022-11803.pdf,xml,c99feb398dc2667a46ab3cb521c94e22bbc4c46a2ccdfb6ef46bfd7c75fa28f1,22272,3427
20220815,2022,195,1,I. Disposiciones generales,9574,"MINISTERIO DE LA PRESIDENCIA, RELACIONES CON LAS CORTES Y MEMORIA DEMOCRÁTICA",Organización,BOE-A-2022-13724,"Orden PCM/792/2022, de 11 de agosto, por la que se crea el órgano administrativo encargado de la ejecución del programa de apoyo a la celebración del acontecimiento de excepcional interés público ""Todos contra el cáncer"".",https://www.boe.es/diario_boe/xml.php?id=BOE-A-2022-13724,https://www.boe.es/diario_boe/txt.php?id=BOE-A-2022-13724,https://www.boe.es/boe/dias/2022/08/15/pdfs/BOE-A-2022-13724.pdf,xml,1aad3630f06a81a2dce8fb00f50918f7d3bc3b0e43bd6efb9b7707fd70ebafa4,15153,2268
20220815,2022,195,1,I. Disposiciones generales,8162,COMUNITAT VALENCIANA,Universitat Internacional Valenciana,BOE-A-2022-13727,"Ley 3/2022, de 22 de julio, de modificación de la Ley 7/2008, de 13 de junio, de Reconocimiento de la Universidad Internacional Valenciana.",https://www.boe.es/diario_boe/xml.php?id=BOE-A-2022-13727,https://www.boe.es/diario_boe/txt.php?id=BOE-A-2022-13727,https://www.boe.es/boe/dias/2022/08/15/pdfs/BOE-A-2022-13727.pdf,xml,b7e524d113a1dc6f99b4ee370ae849341891f5d951189993de78466900fbdec5,9544,1388
20220815,2022,195,2A,"II. Autoridades y personal. - A. Nombramientos, situaciones e incidencias",310,UNIVERSIDADES,Nombramientos,BOE-A-2022-13728,"Resolución de 1 de agosto de 2022, de la Universidad de A Coruña, por la que se nombra Catedrático de Universidad a don José Luís Calvo Rolle.",https://www.boe.es/diario_boe/xml.php?id=BOE-A-2022-13728,https://www.boe.es/diario_boe/txt.php?id=BOE-A-2022-13728,https://www.boe.es/boe/dias/2022/08/15/pdfs/BOE-A-2022-13728.pdf,xml,a5ec8605b4f1e48cf163c2621bdd944fbf83112971fb9f0d5e96d1425defbd67,1834,277
20220815,2022,195,2A,"II. Autoridades y personal. - A. Nombramientos, situaciones e incidencias",310,UNIVERSIDADES,Nombramientos,BOE-A-2022-13731,"Resolución de 1 de agosto de 2022, de la Universidad de A Coruña, por la que se nombra Profesor Titular de Universidad a don José Luis Casteleiro Roca.",https://www.boe.es/diario_boe/xml.php?id=BOE-A-2022-13731,https://www.boe.es/diario_boe/txt.php?id=BOE-A-2022-13731,https://www.boe.es/boe/dias/2022/08/15/pdfs/BOE-A-2022-13731.pdf,xml,866ca8e60a5783149c73a4403417824342e85c00b8d9f271d70c114a94db8204,1855,279
20220815,2022,195,2B,II. Autoridades y personal. - B. Oposiciones y concursos,9562,"MINISTERIO DE ASUNTOS EXTERIORES, UNIÓN EUROPEA Y COOPERACIÓN",Funcionarios de la Administración del Estado,BOE-A-2022-13732,"Resolución de 5 de agosto de 2022, de la Subsecretaría, por la que se convoca la provisión de puestos de trabajo por el sistema de libre designación.",https://www.boe.es/diario_boe/xml.php?id=BOE-A-2022-13732,https://www.boe.es/diario_boe/txt.php?id=BOE-A-2022-13732,https://www.boe.es/boe/dias/2022/08/15/pdfs/BOE-A-2022-13732.pdf,xml,83d18310489f7f5731ea54c165259862be7106c592bb8568703caa990fd31987,5436,823
20220815,2022,195,2B,II. Autoridades y personal. - B. Oposiciones y concursos,9574,"MINISTERIO DE LA PRESIDENCIA, RELACIONES CON LAS CORTES Y MEMORIA DEMOCRÁTICA",Funcionarios de la Administración del Estado,BOE-A-2022-13736,"Resolución de 3 de agosto de 2022, de la Subsecretaría, por la que se convoca la provisión de puestos de trabajo por el sistema de libre designación.",https://www.boe.es/diario_boe/xml.php?id=BOE-A-2022-13736,https://www.boe.es/diario_boe/txt.php?id=BOE-A-2022-13736,https://www.boe.es/boe/dias/2022/08/15/pdfs/BOE-A-2022-13736.pdf,xml,1c40d5560c7afb64e0ed1dd85ba26068236887af1460d47783089fa42e7a51b8,4738,705
20220815,2022,195,3,III. Otras disposiciones,9580,MINISTERIO DE UNIVERSIDADES,Convenios,BOE-A-2022-13780,"Resolución de 22 de junio de 2022, de la Universidad Internacional Menéndez Pelayo, O.A., M.P., por la que se publica el Convenio con la Fundación Iberoamericana Empresarial, para la realización del ""VII Encuentro empresas multilatinas"".",https://www.boe.es/diario_boe/xml.php?id=BOE-A-2022-13780,https://www.boe.es/diario_boe/txt.php?id=BOE-A-2022-13780,https://www.boe.es/boe/dias/2022/08/15/pdfs/BOE-A-2022-13780.pdf,xml,4e0c948968bdaee20ffc992cef51fb5c8d3f0d3b291c3bc10cb8497168e36de2,20001,3051
20220815,2022,195,3,III. Otras disposiciones,9580,MINISTERIO DE UNIVERSIDADES,Convenios,BOE-A-2022-13781,"Resolución de 25 de julio de 2022, de la Universidad Internacional Menéndez Pelayo, O.A., M.P., por la que se publica el Convenio con la Universidad de Buenos Aires, para la realización del encuentro ""De la academia a la sociedad: la divulgación del conocimiento, teoría y práctica"".",https://www.boe.es/diario_boe/xml.php?id=BOE-A-2022-13781,https://www.boe.es/diario_boe/txt.php?id=BOE-A-2022-13781,https://www.boe.es/boe/dias/2022/08/15/pdfs/BOE-A-2022-13781.pdf,xml,3267c75316b54bb32ff76b79e21c740cb82a52996a91a94c77a355eb70bb8d08,12901,1977
20220815,2022,195,T,T.C. Sección del Tribunal Constitucional,1410,TRIBUNAL CONSTITUCIONAL,Sentencias,BOE-A-2022-13787,"Sala Segunda. Sentencia 91/2022, de 11 de julio de 2022. Recurso de amparo 1434-2021. Promovido por Iveco, S.p.A., en relación con las resoluciones dictadas por un juzgado de lo mercantil de Gijón en proceso por reclamación de cantidad. Vulneración del derecho a la tutela judicial sin indefensión: emplazamiento mediante edictos de la demandada posterior a la notificación en la sede de otra sociedad del mismo grupo empresarial (STC 122/2013).",https://www.boe.es/diario_boe/xml.php?id=BOE-A-2022-13787,https://www.boe.es/diario_boe/txt.php?id=BOE-A-2022-13787,https://www.boe.es/boe/dias/2022/08/15/pdfs/BOE-A-2022-13787.pdf,xml,7f8302eae58fdd356a7582c8aad9ab130a1f8d3a582616e6b8fb96e302de0631,47398,7484
20220815,2022,195,T,T.C. Sección del Tribunal Constitucional,1410,TRIBUNAL CONSTITUCIONAL,Autos,BOE-A-2022-13796,"Sección Cuarta. Auto 111/2022, de 13 de julio de 2022. Recurso de amparo 6640-2021. Inadmite el recurso de amparo 6640-2021, promovido por don José Ramón Prado Bugallo en causa penal. Voto particular.",https://www.boe.es/diario_boe/xml.php?id=BOE-A-2022-13796,https://www.boe.es/diario_boe/txt.php?id=BOE-A-2022-13796,https://www.boe.es/boe/dias/2022/08/15/pdfs/BOE-A-2022-13796.pdf,xml,1aa4b54bb1d48d85f30ef0d55f3a87de043087dc0bc1cf70163a7b4e26b8ec70,37114,5625
20221015,2022,248,1,I. Disposiciones generales,9279,MINISTERIO DE HACIENDA Y FUNCIÓN PÚBLICA,Tabaco. Precios,BOE-A-2022-16829,"Resolución de 14 de octubre de 2022, de la Presidencia del Comisionado para el Mercado de Tabacos, por la que se publican los precios de venta al público de determinadas labores de tabaco en Expendedurías de Tabaco y Timbre del área del Monopolio.",https://www.boe.es/diario_boe/xml.php?id=BOE-A-2022-16829,https://www.boe.es/diario_boe/txt.php?id=BOE-A-2022-16829,https://www.boe.es/boe/dias/2022/10/15/pdfs/BOE-A-2022-16829.pdf,xml,8444fa0fb4b916194dd0ed0893e4b85b29d238925778f9672eb1b1b7bcc88e18,1728,257
20221015,2022,248,1,I. Disposiciones generales,9576,MINISTERIO DE ASUNTOS ECONÓMICOS Y TRANSFORMACIÓN DIGITAL,Avales,BOE-A-2022-16830,"Resolución de 14 de octubre de 2022, de la Secretaría de Estado de Economía y Apoyo a la Empresa, por la que se publica el Acuerdo del Consejo de Ministros de 11 de octubre de 2022, por el que se modifica el de 10 de mayo de 2022, por el que se establecen los términos y condiciones del primer tramo de la línea de avales a financiación concedida a empresas y autónomos establecida por el Real Decreto-ley 6/2022, de 29 de marzo, por el que se adoptan medidas urgentes en el marco del Plan Nacional de respuesta a las consecuencias económicas y sociales de la guerra en Ucrania.",https://www.boe.es/diario_boe/xml.php?id=BOE-A-2022-16830,https://www.boe.es/diario_boe/txt.php?id=BOE-A-2022-16830,https://www.boe.es/boe/dias/2022/10/15/pdfs/BOE-A-2022-16830.pdf,xml,fce347c8a2ba932b376b95470c0b566bd107a2d7855669e011dc8b6959f0b54c,7571,1215
20221015,2022,248,2A,"II. Autoridades y personal. - A. Nombramientos, situaciones e incidencias",9523,MINISTERIO DE POLÍTICA TERRITORIAL,Nombramientos,BOE-A-2022-16831,"Resolución de 6 de octubre de 2022, de la Delegación del Gobierno en la Comunidad Autónoma de Andalucía, por la que se nombra Subdelegado del Gobierno en Almería a don José María Martín Fernández.",https://www.boe.es/diario_boe/xml.php?id=BOE-A-2022-16831,https://www.boe.es/diario_boe/txt.php?id=BOE-A-2022-16831,https://www.boe.es/boe/dias/2022/10/15/pdfs/BOE-A-2022-16831.pdf,xml,9298f6651589de8eaa45dec82c043aadcfacf18bf7cebf82bbeda581f6e269f7,1914,285
20221015,2022,248,2A,"II. Autoridades y personal. - A. Nombramientos, situaciones e incidencias",1840,CONSEJO DE SEGURIDAD NUCLEAR,Destinos,BOE-A-2022-16832,"Resolución de 7 de octubre de 2022, del Consejo de Seguridad Nuclear, por la que se resuelve el concurso específico, convocado por Resolución de 15 de junio de 2022.",https://www.boe.es/diario_boe/xml.php?id=BOE-A-2022-16832,https://www.boe.es/diario_boe/txt.php?id=BOE-A-2022-16832,https://www.boe.es/boe/dias/2022/10/15/pdfs/BOE-A-2022-16832.pdf,xml,e19b2b22f80dd3a88f36f418278b4ab529bb5c2c9bed2683ae3b76d5f5ffc0a5,1933,286
20221015,2022,248,2A,"II. Autoridades y personal. - A. Nombramientos, situaciones e incidencias",310,UNIVERSIDADES,Nombramientos,BOE-A-2022-16833,"Resolución de 29 de septiembre de 2022, de la Universidad de A Coruña, por la que se nombra Profesora Titular de Universidad a doña Rocío Chao Fernández.",https://www.boe.es/diario_boe/xml.php?id=BOE-A-2022-16833,https://www.boe.es/diario_boe/txt.php?id=BOE-A-2022-16833,https://www.boe.es/boe/dias/2022/10/15/pdfs/BOE-A-2022-16833.pdf,xml,07c69c7f87d2175e5519b321ba800a8923167dcf0c56cb9ab33850f50906db10,1956,293
20221015,2022,248,2B,II. Autoridades y personal. - B. Oposiciones y concursos,9579,"MINISTERIO DE INCLUSIÓN, SEGURIDAD SOCIAL Y MIGRACIONES",Funcionarios de la Administración del Estado,BOE-A-2022-16860,"Resolución de 5 de octubre de 2022, de la Subsecretaría, por la que se convoca la provisión de puesto de trabajo por el sistema de libre designación.",https://www.boe.es/diario_boe/xml.php?id=BOE-A-2022-16860,https://www.boe.es/diario_boe/txt.php?id=BOE-A-2022-16860,https://www.boe.es/boe/dias/2022/10/15/pdfs/BOE-A-2022-16860.pdf,xml,6feae445832534af9c1aa3b8366aa3eef2234e9dff3479fa2bd347caf658c2a9,3253,477
20221015,2022,248,2B,II. Autoridades y personal. - B. Oposiciones y concursos,9525,ADMINISTRACIÓN LOCAL,Personal funcionario y laboral,BOE-A-2022-16871,"Resolución de 5 de octubre de 2022, del Ayuntamiento de Catarroja (Valencia), referente a la convocatoria para proveer varias plazas.",https://www.boe.es/diario_boe/xml.php?id=BOE-A-2022-16871,https://www.boe.es/diario_boe/txt.php?id=BOE-A-2022-16871,https://www.boe.es/boe/dias/2022/10/15/pdfs/BOE-A-2022-16871.pdf,xml,ce0e2262c0bc5c8a475190d6680d66f9d43f532fb66864d5346e26838e7aacfa,855,133
20221015,2022,248,2B,II. Autoridades y personal. - B. Oposiciones y concursos,9525,ADMINISTRACIÓN LOCAL,Personal funcionario y laboral,BOE-A-2022-16872,"Resolución de 5 de octubre de 2022, del Ayuntamiento de Cudillero (Asturias), referente a la convocatoria para proveer una plaza.",https://www.boe.es/diario_boe/xml.php?id=BOE-A-2022-16872,https://www.boe.es/diario_boe/txt.php?id=BOE-A-2022-16872,https://www.boe.es/boe/dias/2022/10/15/pdfs/BOE-A-2022-16872.pdf,xml,e92160d13aa0465959fcbd9216adbed6a70e5b0e9924b3ac3c0f3cc968108f50,906,138
20221015,2022,248,3,III. Otras disposiciones,6110,MINISTERIO DE DEFENSA,Zonas de interés para la Defensa Nacional,BOE-A-2022-16880,"Real Decreto 840/2022, de 4 de octubre, por el que se declara zona de interés para la Defensa Nacional la propiedad denominada ""Acuartelamiento Sangenís"", localizada en el término municipal de Zaragoza, en la provincia de Zaragoza.",https://www.boe.es/diario_boe/xml.php?id=BOE-A-2022-16880,https://www.boe.es/diario_boe/txt.php?id=BOE-A-2022-16880,https://www.boe.es/boe/dias/2022/10/15/pdfs/BOE-A-2022-16880.pdf,xml,b902a5de1413650e865eccb5197e05ff0c0350fcb41dac104cad4c5d3b2f3325,6207,893
20221015,2022,248,3,III. Otras disposiciones,9563,MINISTERIO DE EDUCACIÓN Y FORMACIÓN PROFESIONAL,Convenios,BOE-A-2022-16883,"Resolución de 6 de octubre de 2022, de la Secretaría General Técnica, por la que se publica el Convenio con el Ayuntamiento de A Guarda, para el desarrollo del programa de formación abierta ""Aula Mentor"".",https://www.boe.es/diario_boe/xml.php?id=BOE-A-2022-16883,https://www.boe.es/diario_boe/txt.php?id=BOE-A-2022-16883,https://www.boe.es/boe/dias/2022/10/15/pdfs/BOE-A-2022-16883.pdf,xml,52c0af09461e13d06d245147f98e4c69a0731bc3bf4db463749e0d2381373fd0,22382,3427
20221115,2022,274,1,I. Disposiciones generales,7320,MINISTERIO DEL INTERIOR,Fronteras,BOE-A-2022-18705,"Orden INT/1086/2022, de 14 de noviembre, por la que se modifica la Orden INT/657/2020, de 17 de julio, por la que se modifican los criterios para la aplicación de una restricción temporal de viajes no imprescindibles desde terceros países a la Unión Europea y países asociados Schengen por razones de orden público y salud pública con motivo de la crisis sanitaria ocasionada por la COVID-19.",https://www.boe.es/diario_boe/xml.php?id=BOE-A-2022-18705,https://www.boe.es/diario_boe/txt.php?id=BOE-A-2022-18705,https://www.boe.es/boe/dias/2022/11/15/pdfs/BOE-A-2022-18705.pdf,xml,074446d580adbb7f0c8e05742ef8c6fedff5bb1cb6a864b92462c8a091b7455f,3749,561
20221115,2022,274,1,I. Disposiciones generales,9575,MINISTERIO PARA LA TRANSICIÓN ECOLÓGICA Y EL RETO DEMOGRÁFICO,Ayudas,BOE-A-2022-18706,"Resolución de 4 de noviembre de 2022, del Instituto para la Diversificación y Ahorro de la Energía, E.P.E., M.P., por la que se publica la Resolución de 27 de octubre de 2022, del Consejo de Administración, por la que se amplía el presupuesto del Programa de ayudas para actuaciones de eficiencia energética en PYME y gran empresa del sector industrial, regulado por el Real Decreto 263/2019, de 12 de abril.",https://www.boe.es/diario_boe/xml.php?id=BOE-A-2022-18706,https://www.boe.es/diario_boe/txt.php?id=BOE-A-2022-18706,https://www.boe.es/boe/dias/2022/11/15/pdfs/BOE-A-2022-18706.pdf,xml,8a16f71e9aff31dc0e5e7f7210c7b25df6860d7bc45f9bbefddea149e979d2e7,5592,844
20221115,2022,274,2A,"II. Autoridades y personal. - A. Nombramientos, situaciones e incidencias",9279,MINISTERIO DE HACIENDA Y FUNCIÓN PÚBLICA,Nombramientos,BOE-A-2022-18710,"Resolución de 10 de noviembre de 2022, de la Secretaría de Estado de Función Pública, por la que se nombra personal funcionario de carrera, por el sistema general de acceso libre, del Cuerpo Especial de Instituciones Penitenciarias.",https://www.boe.es/diario_boe/xml.php?id=BOE-A-2022-18710,https://www.boe.es/diario_boe/txt.php?id=BOE-A-2022-18710,https://www.boe.es/boe/dias/2022/11/15/pdfs/BOE-A-2022-18710.pdf,xml,4dca9d67123f82e9413396ed15a8d283efb1ec78d58d62ade2b715123e308aeb,3326,498
20221115,2022,274,2A,"II. Autoridades y personal. - A. Nombramientos, situaciones e incidencias",9570,MINISTERIO DE CULTURA Y DEPORTE,Destinos,BOE-A-2022-18713,"Resolución de 8 de noviembre de 2022, de la Subsecretaría, por la que se resuelve la convocatoria de libre designación, efectuada por Resolución de 26 de septiembre de 2022, en el Instituto de la Cinematografía y de las Artes Audiovisuales.",https://www.boe.es/diario_boe/xml.php?id=BOE-A-2022-18713,https://www.boe.es/diario_boe/txt.php?id=BOE-A-2022-18713,https://www.boe.es/boe/dias/2022/11/15/pdfs/BOE-A-2022-18713.pdf,xml,4628e618f955bd924fab5e4c36a4b1b22e66561a75817d64a799b467da286d65,2496,364
20221115,2022,274,2A,"II. Autoridades y personal. - A. Nombramientos, situaciones e incidencias",9577,MINISTERIO DE DERECHOS SOCIALES Y AGENDA 2030,Destinos,BOE-A-2022-18714,"Resolución de 4 de noviembre de 2022, de la Secretaría de Estado de Derechos Sociales, por la que se resuelve la convocatoria de libre designación, efectuada por Resolución de 20 de septiembre de 2022.",https://www.boe.es/diario_boe/xml.php?id=BOE-A-2022-18714,https://www.boe.es/diario_boe/txt.php?id=BOE-A-2022-18714,https://www.boe.es/boe/dias/2022/11/15/pdfs/BOE-A-2022-18714.pdf,xml,c770bdbb871b5ab7c6b837e1e7abddcf1684d3156b9d6dc5f5d46dde64fbaf5f,2487,378
20221115,2022,274,2B,II. Autoridades y personal. - B. Oposiciones y concursos,4335,MINISTERIO DE SANIDAD,Funcionarios de las Administraciones Públicas,BOE-A-2022-18734,"Resolución de 8 de noviembre de 2022, de la Subsecretaría, por la que se convoca la provisión de puestos de trabajo por el sistema de libre designación.",https://www.boe.es/diario_boe/xml.php?id=BOE-A-2022-18734,https://www.boe.es/diario_boe/txt.php?id=BOE-A-2022-18734,https://www.boe.es/boe/dias/2022/11/15/pdfs/BOE-A-2022-18734.pdf,xml,fc55350cb243691bdf05fe6718883154252327a36d64399eb8e11f0b95580a21,3587,531
20221115,2022,274,2B,II. Autoridades y personal. - B. Oposiciones y concursos,9525,ADMINISTRACIÓN LOCAL,Personal funcionario y laboral,BOE-A-2022-18752,"Resolución de 28 de octubre de 2022, del Ayuntamiento de Sástago (Zaragoza), referente a la convocatoria para proveer una plaza.",https://www.boe.es/diario_boe/xml.php?id=BOE-A-2022-18752,https://www.boe.es/diario_boe/txt.php?id=BOE-A-2022-18752,https://www.boe.es/boe/dias/2022/11/15/pdfs/BOE-A-2022-18752.pdf,xml,73cfebe961fa3d865a02796425cbae7b35490abd0efb7f0fec103ba64e900f75,756,116
20221115,2022,274,2B,II. Autoridades y personal. - B. Oposiciones y concursos,9525,ADMINISTRACIÓN LOCAL,Personal funcionario y laboral,BOE-A-2022-18764,"Resolución de 7 de noviembre de 2022, del Ayuntamiento de Gilena (Sevilla), referente a la convocatoria para proveer una plaza.",https://www.boe.es/diario_boe/xml.php?id=BOE-A-2022-18764,https://www.boe.es/diario_boe/txt.php?id=BOE-A-2022-18764,https://www.boe.es/boe/dias/2022/11/15/pdfs/BOE-A-2022-18764.pdf,xml,b5a1e9b7df795d8eeabb57ef6d4b14cd3605f47130c0598bfa2d1222378c32df,1008,159
20221115,2022,274,3,III. Otras disposiciones,9574,"MINISTERIO DE LA PRESIDENCIA, RELACIONES CON LAS CORTES Y MEMORIA DEMOCRÁTICA",Convenios,BOE-A-2022-18800,"Resolución de 10 de noviembre de 2022, de la Subsecretaría, por la que se publica el Acuerdo entre el Ministerio de Defensa y el Ministerio de Agricultura, Pesca y Alimentación, sobre el mantenimiento y explotación del Buque Escuela y de Cooperación Pesquera «Intermares».",https://www.boe.es/diario_boe/xml.php?id=BOE-A-2022-18800,https://www.boe.es/diario_boe/txt.php?id=BOE-A-2022-18800,https://www.boe.es/boe/dias/2022/11/15/pdfs/BOE-A-2022-18800.pdf,xml,c6368eed7749f0784f90e27b488269177271179976e01c897e25fb21df55d496,29373,4474
20221115,2022,274,3,III. Otras disposiciones,8140,COMUNIDAD AUTÓNOMA DEL PAÍS VASCO,Homologaciones,BOE-A-2022-18809,"Resolución de 27 de octubre de 2022, de la Delegación Territorial de Administración Industrial de Bizkaia, por la que se autoriza la instalación y uso en la red de determinados transformadores eléctricos fabricados por Electrotécnica Arteche Hermanos, SL.",https://www.boe.es/diario_boe/xml.php?id=BOE-A-2022-18809,https://www.boe.es/diario_boe/txt.php?id=BOE-A-2022-18809,https://www.boe.es/boe/dias/2022/11/15/pdfs/BOE-A-2022-18809.pdf,xml,45d2c07a8f1de93d753a4fb84f5360149445ec1f50daeb1952ee0642c340220f,6759,983
20230116,2023,13,1,I. Disposiciones generales,9562,"MINISTERIO DE ASUNTOS EXTERIORES, UNIÓN EUROPEA Y COOPERACIÓN",Acuerdos internacionales administrativos,BOE-A-2023-1010,"Convenio para la explotación y mantenimiento de la sección internacional de una línea ferroviaria de alta velocidad entre Perpiñán y Figueres, hecho en Madrid y París el 20 de diciembre de 2022.",https://www.boe.es/diario_boe/xml.php?id=BOE-A-2023-1010,https://www.boe.es/diario_boe/txt.php?id=BOE-A-2023-1010,https://www.boe.es/boe/dias/2023/01/16/pdfs/BOE-A-2023-1010.pdf,xml,9812c4b7ad164a374bea27f1afa852b309f81657608fa6cf94b365e7b67c5f6d,212273,32402
20230116,2023,13,1,I. Disposiciones generales,9575,MINISTERIO PARA LA TRANSICIÓN ECOLÓGICA Y EL RETO DEMOGRÁFICO,Productos petrolíferos. Precios,BOE-A-2023-1011,"Resolución de 11 de enero de 2023, de la Dirección General de Política Energética y Minas, por la que se publican los nuevos precios de venta, antes de impuestos, de los gases licuados del petróleo por canalización.",https://www.boe.es/diario_boe/xml.php?id=BOE-A-2023-1011,https://www.boe.es/diario_boe/txt.php?id=BOE-A-2023-1011,https://www.boe.es/boe/dias/2023/01/16/pdfs/BOE-A-2023-1011.pdf,xml,2a79aac4d935c17c5d2c91f5af8243dac8833b61f3bba322c501a09cd83bb67e,7276,1088
20230116,2023,13,1,I. Disposiciones generales,4335,MINISTERIO DE SANIDAD,Comercio exterior. Control sanitario,BOE-A-2023-1013,"Resolución de 4 de enero de 2023, de la Dirección General de Salud Pública, por la que se modifican los anexos I y II de la Orden de 20 de enero de 1994, del Ministerio de Sanidad y Consumo, por la que se fijan modalidades de control sanitario de productos de comercio exterior destinados a uso y consumo humano y los recintos aduaneros habilitados para su realización.",https://www.boe.es/diario_boe/xml.php?id=BOE-A-2023-1013,https://www.boe.es/diario_boe/txt.php?id=BOE-A-2023-1013,https://www.boe.es/boe/dias/2023/01/16/pdfs/BOE-A-2023-1013.pdf,xml,bda1e43ae4b9980ca3dd394f6a1799a6b1e57d4133ef6575acea0b776aebe592,211178,28341
20230116,2023,13,2A,"II. Autoridades y personal. - A. Nombramientos, situaciones e incidencias",9563,MINISTERIO DE EDUCACIÓN Y FORMACIÓN PROFESIONAL,Nombramientos,BOE-A-2023-1021,"Orden EFP/17/2023, de 9 de enero, por la que, a propuesta de la Consejería de Educación, Cultura y Deportes de la Comunidad Autónoma de Castilla-La Mancha, en ejecución de sentencia, se nombra funcionaria de carrera del Cuerpo de Maestros de Taller de Artes Plásticas y Diseño a doña María Fuencisla Miguel Muriedas.",https://www.boe.es/diario_boe/xml.php?id=BOE-A-2023-1021,https://www.boe.es/diario_boe/txt.php?id=BOE-A-2023-1021,https://www.boe.es/boe/dias/2023/01/16/pdfs/BOE-A-2023-1021.pdf,xml,41d72f495b5d6c27a846036ab5317dd399b9e0b86c516be7798b4fc66037f8c9,3254,480
20230116,2023,13,2A,"II. Autoridades y personal. - A. Nombramientos, situaciones e incidencias",9574,"MINISTERIO DE LA PRESIDENCIA, RELACIONES CON LAS CORTES Y MEMORIA DEMOCRÁTICA",Nombramientos,BOE-A-2023-1022,"Orden PCM/18/2023, de 13 de enero, por la que se nombra Directora del Gabinete de Secretario de Estado del Gabinete de la Presidencia del Gobierno a doña Pilar Sánchez Acera.",https://www.boe.es/diario_boe/xml.php?id=BOE-A-2023-1022,https://www.boe.es/diario_boe/txt.php?id=BOE-A-2023-1022,https://www.boe.es/boe/dias/2023/01/16/pdfs/BOE-A-2023-1022.pdf,xml,76ab3483c2c38f7ff5374607db0c96ee0f9a0d1a2ee47a8c1ec30159a9c154cc,507,79
20230116,2023,13,2A,"II. Autoridades y personal. - A. Nombramientos, situaciones e incidencias",8030,COMUNIDAD AUTÓNOMA DE CANARIAS,Destinos,BOE-A-2023-1024,"Resolución de 16 de diciembre de 2022, de la Dirección General de Relaciones con la Administración de Justicia, de la Consejería de Administraciones Públicas, Justicia y Seguridad, por la que se resuelve el concurso específico para la provisión de puestos de trabajo singularizados en el Instituto de Medicina Legal y Ciencias Forenses de Santa Cruz de Tenerife, convocado por Resolución de 16 de noviembre de 2021.",https://www.boe.es/diario_boe/xml.php?id=BOE-A-2023-1024,https://www.boe.es/diario_boe/txt.php?id=BOE-A-2023-1024,https://www.boe.es/boe/dias/2023/01/16/pdfs/BOE-A-2023-1024.pdf,xml,61132500efa8c09a55b6dc44bd354ce4d69d1c366f372f7ea583d43cfd8df275,4779,709
20230116,2023,13,2B,II. Autoridades y personal. - B. Oposiciones y concursos,9279,MINISTERIO DE HACIENDA Y FUNCIÓN PÚBLICA,Cuerpo de Gestión de la Administración Civil del Estado,BOE-A-2023-1028,"Resolución de 12 de enero de 2023, de la Secretaría de Estado de Función Pública, por la que se publica la relación de aspirantes que han superado las pruebas selectivas para la estabilización de empleo temporal del Cuerpo de Gestión de la Administración Civil del Estado, convocadas por Resolución de 26 de mayo de 2021.",https://www.boe.es/diario_boe/xml.php?id=BOE-A-2023-1028,https://www.boe.es/diario_boe/txt.php?id=BOE-A-2023-1028,https://www.boe.es/boe/dias/2023/01/16/pdfs/BOE-A-2023-1028.pdf,xml,238617f2f1bdbd59c05b9583dc8f2eb95685e61c07d9a74b0205b0aa4f6dda3c,21193,1452
20230116,2023,13,2B,II. Autoridades y personal. - B. Oposiciones y concursos,310,UNIVERSIDADES,Cuerpos docentes universitarios,BOE-A-2023-1062,"Resolución de 10 de enero de 2023, de la Universitat de València, por la que se convoca concurso de acceso a plaza de cuerpos docentes universitarios.",https://www.boe.es/diario_boe/xml.php?id=BOE-A-2023-1062,https://www.boe.es/diario_boe/txt.php?id=BOE-A-2023-1062,https://www.boe.es/boe/dias/2023/01/16/pdfs/BOE-A-2023-1062.pdf,xml,7905cb52572bf14ccd8b48dc0ef99f2ec8b09cdfd71b3971414afad31123f888,38320,5832
20230116,2023,13,3,III. Otras disposiciones,9572,"MINISTERIO DE TRANSPORTES, MOVILIDAD Y AGENDA URBANA",Convenios,BOE-A-2023-1075,"Resolución de 19 de diciembre de 2022, de la Autoridad Portuaria de Ferrol-San Cibrao, por la que se publica la Adenda del Convenio con la Axencia Galega de Infraestruturas, para el fomento de la movilidad sostenible en la fachada marítima de Ferrol.",https://www.boe.es/diario_boe/xml.php?id=BOE-A-2023-1075,https://www.boe.es/diario_boe/txt.php?id=BOE-A-2023-1075,https://www.boe.es/boe/dias/2023/01/16/pdfs/BOE-A-2023-1075.pdf,xml,f067f006e3a2cd192c5727a8332b6f25d30fab40adc92ce554d6c6a31e917409,5969,908
20230116,2023,13,3,III. Otras disposiciones,9575,MINISTERIO PARA LA TRANSICIÓN ECOLÓGICA Y EL RETO DEMOGRÁFICO,Impacto ambiental,BOE-A-2023-1081,"Resolución de 28 de diciembre de 2022, de la Dirección General de Calidad y Evaluación Ambiental, por la que se formula declaración de impacto ambiental del proyecto ""Planta Solar Fotovoltaica Cofrentes I, en Ayora, Zarra, Jarafuel, Jalance y Cofrentes (Valencia)"".",https://www.boe.es/diario_boe/xml.php?id=BOE-A-2023-1081,https://www.boe.es/diario_boe/txt.php?id=BOE-A-2023-1081,https://www.boe.es/boe/dias/2023/01/16/pdfs/BOE-A-2023-1081.pdf,xml,4db88657d66938dffee4f43e0c60d8ffe8f09330d74e2dd348515a548d3e44e9,55799,8364
20230215,2023,39,1,I. Disposiciones generales,1410,TRIBUNAL CONSTITUCIONAL,Recursos de inconstitucionalidad,BOE-A-2023-3979,"Recurso de inconstitucionalidad n.o 193-2023, contra la Ley 20/2022, de 19 de octubre, de Memoria Democrática.",https://www.boe.es/diario_boe/xml.php?id=BOE-A-2023-3979,https://www.boe.es/diario_boe/txt.php?id=BOE-A-2023-3979,https://www.boe.es/boe/dias/2023/02/15/pdfs/BOE-A-2023-3979.pdf,xml,8b7e6356a67eb6e69f99c2893357ebde07bd3e5f57c78dbb72f0a5430dbe2458,412,56
20230215,2023,39,1,I. Disposiciones generales,1410,TRIBUNAL CONSTITUCIONAL,Cuestiones de inconstitucionalidad,BOE-A-2023-3980,"Cuestión de inconstitucionalidad n.o 1938-2021, en relación con los artículos 565.1 y 557.1 de la Ley 1/2000, de 7 de enero, de Enjuiciamiento Civil.",https://www.boe.es/diario_boe/xml.php?id=BOE-A-2023-3980,https://www.boe.es/diario_boe/txt.php?id=BOE-A-2023-3980,https://www.boe.es/boe/dias/2023/02/15/pdfs/BOE-A-2023-3980.pdf,xml,817b9b0c2d4d3cb511788bd6c85ec0d79764c1da0bae79ed074e5e6f7f68d099,939,137
20230215,2023,39,1,I. Disposiciones generales,9576,MINISTERIO DE ASUNTOS ECONÓMICOS Y TRANSFORMACIÓN DIGITAL,Medidas financieras,BOE-A-2023-3983,"Resolución de 10 de febrero de 2023, de la Secretaría General del Tesoro y Financiación Internacional, por la que se actualiza el anexo 1 incluido en la Resolución de 4 de julio de 2017, de la Secretaría General del Tesoro y Política Financiera, por la que se define el principio de prudencia financiera aplicable a las operaciones de endeudamiento y derivados de las comunidades autónomas y entidades locales.",https://www.boe.es/diario_boe/xml.php?id=BOE-A-2023-3983,https://www.boe.es/diario_boe/txt.php?id=BOE-A-2023-3983,https://www.boe.es/boe/dias/2023/02/15/pdfs/BOE-A-2023-3983.pdf,xml,5b492a3cf219e6d99e67d24a7eaa2c2572294d470ca7bf6a8378ab7036942962,4890,582
20230215,2023,39,2A,"II. Autoridades y personal. - A. Nombramientos, situaciones e incidencias",7786,PRESIDENCIA DEL GOBIERNO,Ceses,BOE-A-2023-3984,"Real Decreto 100/2023, de 14 de febrero, por el que se dispone el cese de don Francisco de Paula Polo Llavata como Alto Comisionado para España Nación Emprendedora.",https://www.boe.es/diario_boe/xml.php?id=BOE-A-2023-3984,https://www.boe.es/diario_boe/txt.php?id=BOE-A-2023-3984,https://www.boe.es/boe/dias/2023/02/15/pdfs/BOE-A-2023-3984.pdf,xml,3945bce251d6fc2a7f07903406f84d41a9987531b669916eacd1484fd7a47413,401,60
20230215,2023,39,2A,"II. Autoridades y personal. - A. Nombramientos, situaciones e incidencias",9570,MINISTERIO DE CULTURA Y DEPORTE,Ceses,BOE-A-2023-3999,"Real Decreto 107/2023, de 14 de febrero, por el que se dispone el cese de don Eduardo Fernández Palomares como Subsecretario de Cultura y Deporte.",https://www.boe.es/diario_boe/xml.php?id=BOE-A-2023-3999,https://www.boe.es/diario_boe/txt.php?id=BOE-A-2023-3999,https://www.boe.es/boe/dias/2023/02/15/pdfs/BOE-A-2023-3999.pdf,xml,e9b8424f1b31860a683c574f43b36f24db089e4963d681ddca71d8a0b37c039d,396,63
20230215,2023,39,2A,"II. Autoridades y personal. - A. Nombramientos, situaciones e incidencias",9576,MINISTERIO DE ASUNTOS ECONÓMICOS Y TRANSFORMACIÓN DIGITAL,Nombramientos,BOE-A-2023-4002,"Real Decreto 110/2023, de 14 de febrero, por el que se nombra Consejero del Consejo de Gobierno del Banco de España a don Antonio Cabrales Goitia.",https://www.boe.es/diario_boe/xml.php?id=BOE-A-2023-4002,https://www.boe.es/diario_boe/txt.php?id=BOE-A-2023-4002,https://www.boe.es/boe/dias/2023/02/15/pdfs/BOE-A-2023-4002.pdf,xml,86526fd2cb280074f70cfbe9b480e6635501a5f1d124376c324a55b918df128a,641,100
20230215,2023,39,2B,II. Autoridades y personal. - B. Oposiciones y concursos,6110,MINISTERIO DE DEFENSA,Funcionarios de la Administración del Estado,BOE-A-2023-4019,"Resolución 400/38042/2023, de 31 de enero, de la Subsecretaría, por la que se convoca la provisión de puestos de trabajo por el sistema de libre designación.",https://www.boe.es/diario_boe/xml.php?id=BOE-A-2023-4019,https://www.boe.es/diario_boe/txt.php?id=BOE-A-2023-4019,https://www.boe.es/boe/dias/2023/02/15/pdfs/BOE-A-2023-4019.pdf,xml,4101e311ef8cb5c9ab626234f6f0e44657cbd5fe74a069cd8066d5cf7073b517,3529,516
20230215,2023,39,2B,II. Autoridades y personal. - B. Oposiciones y concursos,9525,ADMINISTRACIÓN LOCAL,Personal funcionario y laboral,BOE-A-2023-4066,"Resolución de 25 de enero de 2023, de la Mancomunidad de Concellos Santa Águeda (Ourense), referente a la convocatoria para proveer varias plazas.",https://www.boe.es/diario_boe/xml.php?id=BOE-A-2023-4066,https://www.boe.es/diario_boe/txt.php?id=BOE-A-2023-4066,https://www.boe.es/boe/dias/2023/02/15/pdfs/BOE-A-2023-4066.pdf,xml,052ce6c26b165092e2fe1964c5c8fe107acc6afd5bb5405ce25675c941af53b6,827,125
20230215,2023,39,3,III. Otras disposiciones,5250,"MINISTERIO DE INDUSTRIA, COMERCIO Y TURISMO",Funcionarios de la Administración del Estado,BOE-A-2023-4121,"Resolución de 9 de febrero de 2023, de la Subsecretaría, por la que se convoca la provisión de puestos de trabajo por el sistema de libre designación, en el Instituto de Turismo de España.",https://www.boe.es/diario_boe/xml.php?id=BOE-A-2023-4121,https://www.boe.es/diario_boe/txt.php?id=BOE-A-2023-4121,https://www.boe.es/boe/dias/2023/02/15/pdfs/BOE-A-2023-4121.pdf,xml,d7229b3e1579ddcf3cc6b0a4f1e34644d2700000956d9cb6890702af02107438,9221,1288
20230215,2023,39,3,III. Otras disposiciones,4245,MINISTERIO DE CIENCIA E INNOVACIÓN,Reales Academias,BOE-A-2023-4127,"Resolución de 31 de enero de 2023, de la Real Academia Nacional de Farmacia, por la que se convoca la provisión de vacante de Académico de Número.",https://www.boe.es/diario_boe/xml.php?id=BOE-A-2023-4127,https://www.boe.es/diario_boe/txt.php?id=BOE-A-2023-4127,https://www.boe.es/boe/dias/2023/02/15/pdfs/BOE-A-2023-4127.pdf,xml,9169d5c8c9742ae1a0b669f5088a4dba35bd28840e4e31b55aac7f2d6ff66e89,938,147
20230415,2023,90,1,I. Disposiciones generales,8030,COMUNIDAD AUTÓNOMA DE CANARIAS,Ayudas,BOE-A-2023-9221,"Decreto-ley 13/2022, de 1 de diciembre, por el que se regula, en el ámbito de la Comunidad Autónoma de Canarias, la concesión directa de ayudas extraordinarias destinadas a paliar la difícil situación económica que atraviesa el sector ganadero de Canarias tras la agresión contra Ucrania por parte de Rusia.",https://www.boe.es/diario_boe/xml.php?id=BOE-A-2023-9221,https://www.boe.es/diario_boe/txt.php?id=BOE-A-2023-9221,https://www.boe.es/boe/dias/2023/04/15/pdfs/BOE-A-2023-9221.pdf,xml,99a5e64d065da48241344ac69b1cb1d604c9571becc8cd8ee637c35afec112fc,48800,7274
20230415,2023,90,1,I. Disposiciones generales,8170,COMUNIDAD FORAL DE NAVARRA,Organización,BOE-A-2023-9222,"Ley Foral 9/2023, de 22 de marzo, del Consejo Navarro de Medio Ambiente.",https://www.boe.es/diario_boe/xml.php?id=BOE-A-2023-9222,https://www.boe.es/diario_boe/txt.php?id=BOE-A-2023-9222,https://www.boe.es/boe/dias/2023/04/15/pdfs/BOE-A-2023-9222.pdf,xml,fdad1f8e3f099d090397fa268917bd5e6b9783129ec77b26164e69a8919e608a,32177,4908
20230415,2023,90,1,I. Disposiciones generales,8170,COMUNIDAD FORAL DE NAVARRA,Sanidad animal,BOE-A-2023-9223,"Ley Foral 10/2023, de 22 de marzo, de modificación de la Ley Foral 11/2000, de 16 de noviembre, de Sanidad Animal de Navarra.",https://www.boe.es/diario_boe/xml.php?id=BOE-A-2023-9223,https://www.boe.es/diario_boe/txt.php?id=BOE-A-2023-9223,https://www.boe.es/boe/dias/2023/04/15/pdfs/BOE-A-2023-9223.pdf,xml,03668c33af7bee561a9cbfe0082b3e312de635bbe5e2bc771be585a20ddb0b81,11852,1754
20230415,2023,90,2A,"II. Autoridades y personal. - A. Nombramientos, situaciones e incidencias",1820,CONSEJO GENERAL DEL PODER JUDICIAL,Situaciones,BOE-A-2023-9224,"Acuerdo de 15 de diciembre de 2022, de la Comisión Permanente del Consejo General del Poder Judicial, por el que se declara la jubilación voluntaria de la Magistrada doña María Asunción Learte Álvarez.",https://www.boe.es/diario_boe/xml.php?id=BOE-A-2023-9224,https://www.boe.es/diario_boe/txt.php?id=BOE-A-2023-9224,https://www.boe.es/boe/dias/2023/04/15/pdfs/BOE-A-2023-9224.pdf,xml,35f96ab30a882c0fa78c3bc1d0590fe8c46628fed8b83ec8f5d699424e0f1e84,751,122
20230415,2023,90,2A,"II. Autoridades y personal. - A. Nombramientos, situaciones e incidencias",9576,MINISTERIO DE ASUNTOS ECONÓMICOS Y TRANSFORMACIÓN DIGITAL,Nombramientos,BOE-A-2023-9229,"Orden ETD/366/2023, de 12 de abril, por la que se nombra Directora del Gabinete de la Secretaria de Estado de Digitalización e Inteligencia Artificial a doña María Pilar Mairal Medina.",https://www.boe.es/diario_boe/xml.php?id=BOE-A-2023-9229,https://www.boe.es/diario_boe/txt.php?id=BOE-A-2023-9229,https://www.boe.es/boe/dias/2023/04/15/pdfs/BOE-A-2023-9229.pdf,xml,61cf973a8a86bcb45e764bcc6b1e942cc266bb1ab22318ddd08c2904ff5d83e0,638,94
20230415,2023,90,2A,"II. Autoridades y personal. - A. Nombramientos, situaciones e incidencias",4245,MINISTERIO DE CIENCIA E INNOVACIÓN,Destinos,BOE-A-2023-9230,"Resolución de 10 de abril de 2023, de la Presidencia de la Agencia Estatal Consejo Superior de Investigaciones Científicas, M.P., por la que se resuelve la convocatoria de libre designación, efectuada por Resolución de 10 de febrero de 2023.",https://www.boe.es/diario_boe/xml.php?id=BOE-A-2023-9230,https://www.boe.es/diario_boe/txt.php?id=BOE-A-2023-9230,https://www.boe.es/boe/dias/2023/04/15/pdfs/BOE-A-2023-9230.pdf,xml,7792ebdfcb3761ac58818d834ee952983ae9e4efe39fde7c844659a89aaf63c7,2423,355
20230415,2023,90,2B,II. Autoridades y personal. - B. Oposiciones y concursos,9579,"MINISTERIO DE INCLUSIÓN, SEGURIDAD SOCIAL Y MIGRACIONES",Cuerpo Superior de Interventores y Auditores de la Administración de la Seguridad Social,BOE-A-2023-9252,"Resolución de 14 de abril de 2023, de la Subsecretaría, por la que se modifica la de 17 de marzo de 2023, por la que se convoca proceso selectivo para ingreso, por el sistema general de acceso libre y promoción interna, en el Cuerpo Superior de Interventores y Auditores de la Administración de la Seguridad Social.",https://www.boe.es/diario_boe/xml.php?id=BOE-A-2023-9252,https://www.boe.es/diario_boe/txt.php?id=BOE-A-2023-9252,https://www.boe.es/boe/dias/2023/04/15/pdfs/BOE-A-2023-9252.pdf,xml,9cbbbac11ae67dd8f861d7a0c64564c4f54bcef99bc5ad9fd0b9be892218766d,3737,565
20230415,2023,90,2B,II. Autoridades y personal. - B. Oposiciones y concursos,1840,CONSEJO DE SEGURIDAD NUCLEAR,Funcionarios de las Administraciones Públicas,BOE-A-2023-9254,"Resolución de 5 de abril de 2023, del Consejo de Seguridad Nuclear, por la que se convoca la provisión de puesto de trabajo por el sistema de libre designación.",https://www.boe.es/diario_boe/xml.php?id=BOE-A-2023-9254,https://www.boe.es/diario_boe/txt.php?id=BOE-A-2023-9254,https://www.boe.es/boe/dias/2023/04/15/pdfs/BOE-A-2023-9254.pdf,xml,e47aaad5a28cfbf823a6922b24928cc8dafaf38f437162385c9c92ed8ce5b7a2,4358,651
20230415,2023,90,3,III. Otras disposiciones,9575,MINISTERIO PARA LA TRANSICIÓN ECOLÓGICA Y EL RETO DEMOGRÁFICO,Impacto ambiental,BOE-A-2023-9278,"Resolución de 30 de marzo de 2023, de la Dirección General de Calidad y Evaluación Ambiental, por la que se formula declaración de impacto ambiental del proyecto «Parque solar fotovoltaico ""El Lago"" de 71,73 MWp, y su infraestructura de evacuación, en los términos municipales de Lominchar y Cedillo del Condado, en la provincia de Toledo».",https://www.boe.es/diario_boe/xml.php?id=BOE-A-2023-9278,https://www.boe.es/diario_boe/txt.php?id=BOE-A-2023-9278,https://www.boe.es/boe/dias/2023/04/15/pdfs/BOE-A-2023-9278.pdf,xml,1830599570f5f851bb491d2d84289b1b964a5213c5777a4eab271d38bff1ef67,85445,13253
20230415,2023,90,3,III. Otras disposiciones,9576,MINISTERIO DE ASUNTOS ECONÓMICOS Y TRANSFORMACIÓN DIGITAL,Fondos de pensiones,BOE-A-2023-9284,"Resolución de 4 de abril de 2023, de la Dirección General de Seguros y Fondos de Pensiones, por la que se acuerda la revocación de la autorización administrativa para actuar como gestora de fondos de pensiones y la baja en el Registro especial de entidades gestoras de fondos de pensiones de Kutxabank Vida y Pensiones Compañía de Seguros y Reaseguros, SA.",https://www.boe.es/diario_boe/xml.php?id=BOE-A-2023-9284,https://www.boe.es/diario_boe/txt.php?id=BOE-A-2023-9284,https://www.boe.es/boe/dias/2023/04/15/pdfs/BOE-A-2023-9284.pdf,xml,eb57accc3c656ffb7a3a57e66ce2529fd383738dcd52b70b48bd5b4285969936,2355,358
20230515,2023,115,1,I. Disposiciones generales,9575,MINISTERIO PARA LA TRANSICIÓN ECOLÓGICA Y EL RETO DEMOGRÁFICO,Productos petrolíferos. Precios,BOE-A-2023-11400,"Resolución de 9 de mayo de 2023, de la Dirección General de Política Energética y Minas, por la que se publican los nuevos precios de venta, antes de impuestos, de los gases licuados del petróleo por canalización.",https://www.boe.es/diario_boe/xml.php?id=BOE-A-2023-11400,https://www.boe.es/diario_boe/txt.php?id=BOE-A-2023-11400,https://www.boe.es/boe/dias/2023/05/15/pdfs/BOE-A-2023-11400.pdf,xml,7ff10d285fc5d0c5c77dbcc93921d150c68cf8cea1ea00f1d98cc07ddc9a0634,7259,1087
20230515,2023,115,1,I. Disposiciones generales,9575,MINISTERIO PARA LA TRANSICIÓN ECOLÓGICA Y EL RETO DEMOGRÁFICO,Productos petrolíferos. Precios,BOE-A-2023-11401,"Resolución de 9 de mayo de 2023, de la Dirección General de Política Energética y Minas, por la que se publican los nuevos precios máximos de venta, antes de impuestos, de los gases licuados del petróleo envasados, en envases de carga igual o superior a 8 kg, e inferior a 20 kg, excluidos los envases de mezcla para usos de los gases licuados del petróleo como carburante.",https://www.boe.es/diario_boe/xml.php?id=BOE-A-2023-11401,https://www.boe.es/diario_boe/txt.php?id=BOE-A-2023-11401,https://www.boe.es/boe/dias/2023/05/15/pdfs/BOE-A-2023-11401.pdf,xml,fe2d43623bf4f86340d56b78e748e14cb1583c43b99575f40910e635d9a3076d,7679,1187
20230515,2023,115,2A,"II. Autoridades y personal. - A. Nombramientos, situaciones e incidencias",9523,MINISTERIO DE POLÍTICA TERRITORIAL,Destinos,BOE-A-2023-11407,"Resolución de 9 de mayo de 2023, de la Subsecretaría, por la que se resuelve parcialmente la convocatoria de libre designación, efectuada por Resolución de 10 de marzo de 2023.",https://www.boe.es/diario_boe/xml.php?id=BOE-A-2023-11407,https://www.boe.es/diario_boe/txt.php?id=BOE-A-2023-11407,https://www.boe.es/boe/dias/2023/05/15/pdfs/BOE-A-2023-11407.pdf,xml,81c11c669a0c9561360212706791497bdae5fbef308aa039c948373898bc5098,2521,372
20230515,2023,115,2A,"II. Autoridades y personal. - A. Nombramientos, situaciones e incidencias",9570,MINISTERIO DE CULTURA Y DEPORTE,Ceses y nombramientos,BOE-A-2023-11409,"Resolución de 5 de mayo de 2023, del Instituto de la Cinematografía y de las Artes Audiovisuales, por la que se dispone el cese y nombramiento de vocales del Comité Asesor de Ayudas a la Distribución.",https://www.boe.es/diario_boe/xml.php?id=BOE-A-2023-11409,https://www.boe.es/diario_boe/txt.php?id=BOE-A-2023-11409,https://www.boe.es/boe/dias/2023/05/15/pdfs/BOE-A-2023-11409.pdf,xml,543e59ec5b54f05d4f8194b6180da118ffff3ebf26dae6f0573e24d7dfb46be9,2162,341
20230515,2023,115,2A,"II. Autoridades y personal. - A. Nombramientos, situaciones e incidencias",310,UNIVERSIDADES,Nombramientos,BOE-A-2023-11415,"Resolución de 5 de mayo de 2023, de la Universidad Jaume I, por la que se nombra Profesor Titular de Universidad a don Daniel Torrent Martí.",https://www.boe.es/diario_boe/xml.php?id=BOE-A-2023-11415,https://www.boe.es/diario_boe/txt.php?id=BOE-A-2023-11415,https://www.boe.es/boe/dias/2023/05/15/pdfs/BOE-A-2023-11415.pdf,xml,f849e7c9ed35a822b2bc40af22e97dd77248fd9ab570178f94474c0b305b4b8d,989,147
20230515,2023,115,2B,II. Autoridades y personal. - B. Oposiciones y concursos,4335,MINISTERIO DE SANIDAD,Funcionarios de la Administración del Estado,BOE-A-2023-11438,"Resolución de 8 de mayo de 2023, de la Subsecretaría, por la que se convoca la provisión de puesto de trabajo por el sistema de libre designación.",https://www.boe.es/diario_boe/xml.php?id=BOE-A-2023-11438,https://www.boe.es/diario_boe/txt.php?id=BOE-A-2023-11438,https://www.boe.es/boe/dias/2023/05/15/pdfs/BOE-A-2023-11438.pdf,xml,27d4b67b7795f01ce73daf3b7d59a428c6ba8752a3aff746b201dab8afe43442,3469,514
20230515,2023,115,2B,II. Autoridades y personal. - B. Oposiciones y concursos,4335,MINISTERIO DE SANIDAD,Funcionarios de las Administraciones Públicas,BOE-A-2023-11440,"Resolución de 10 de mayo de 2023, de la Subsecretaría, por la que se convoca la provisión de puesto de trabajo por el sistema de libre designación.",https://www.boe.es/diario_boe/xml.php?id=BOE-A-2023-11440,https://www.boe.es/diario_boe/txt.php?id=BOE-A-2023-11440,https://www.boe.es/boe/dias/2023/05/15/pdfs/BOE-A-2023-11440.pdf,xml,a0d580ee241731653fc5cccebe9adb1880cd331c7aac2738842b9a0a7bf65318,3466,524
20230515,2023,115,2B,II. Autoridades y personal. - B. Oposiciones y concursos,9525,ADMINISTRACIÓN LOCAL,Personal funcionario y laboral,BOE-A-2023-11481,"Resolución de 5 de mayo de 2023, del Ayuntamiento de Sevilla, referente a la convocatoria para proveer varias plazas.",https://www.boe.es/diario_boe/xml.php?id=BOE-A-2023-11481,https://www.boe.es/diario_boe/txt.php?id=BOE-A-2023-11481,https://www.boe.es/boe/dias/2023/05/15/pdfs/BOE-A-2023-11481.pdf,xml,f40e4df160b248b165e9f1d2ea5d58566010721917a60d966e4be13711c8061a,6027,893
20230515,2023,115,3,III. Otras disposiciones,9575,MINISTERIO PARA LA TRANSICIÓN ECOLÓGICA Y EL RETO DEMOGRÁFICO,Comunitat Valenciana. Convenio,BOE-A-2023-11533,"Resolución de 3 de mayo de 2023, de la Dirección General de Políticas contra la Despoblación, por la que se publica la Adenda de prórroga y modificación al Convenio con la Universidad Jaume I, para la realización del Programa Campus Rural de prácticas universitarias en el medio rural.",https://www.boe.es/diario_boe/xml.php?id=BOE-A-2023-11533,https://www.boe.es/diario_boe/txt.php?id=BOE-A-2023-11533,https://www.boe.es/boe/dias/2023/05/15/pdfs/BOE-A-2023-11533.pdf,xml,75c8a9e6d3c58af24939c168277179ccc3603d508c6bdf6f4a5d7a42c6ce44ca,11792,1835
20230515,2023,115,3,III. Otras disposiciones,9575,MINISTERIO PARA LA TRANSICIÓN ECOLÓGICA Y EL RETO DEMOGRÁFICO,Instalaciones eléctricas,BOE-A-2023-11547,"Resolución de 20 de abril de 2023, de la Dirección General de Política Energética y Minas, por la que se otorga a Wassat Solar, SL, autorización administrativa previa para la planta solar fotovoltaica ""Villameca Solar 3"", de 50,1 MW de potencia instalada y sus infraestructuras de evacuación, en Quintana del Castillo y Villamejil (León).",https://www.boe.es/diario_boe/xml.php?id=BOE-A-2023-11547,https://www.boe.es/diario_boe/txt.php?id=BOE-A-2023-11547,https://www.boe.es/boe/dias/2023/05/15/pdfs/BOE-A-2023-11547.pdf,xml,bd93a95807a20684c0b971b45a0329b8fb005e2ee4d423a0c704db7d3f9f1748,32800,4928
20230715,2023,168,1,I. Disposiciones generales,9575,MINISTERIO PARA LA TRANSICIÓN ECOLÓGICA Y EL RETO DEMOGRÁFICO,Residuos,BOE-A-2023-16400,"Orden TED/789/2023, de 7 de julio, por la que se establece el método de cálculo del coste de emisión de gases de efecto invernadero en vertedero.",https://www.boe.es/diario_boe/xml.php?id=BOE-A-2023-16400,https://www.boe.es/diario_boe/txt.php?id=BOE-A-2023-16400,https://www.boe.es/boe/dias/2023/07/15/pdfs/BOE-A-2023-16400.pdf,xml,2216691ea86d4c792115f476f0df4f9411231e545c6d79731a23af58359c9f8c,30548,4843
20230715,2023,168,1,I. Disposiciones generales,8170,COMUNIDAD FORAL DE NAVARRA,Régimen tributario,BOE-A-2023-16401,"Decreto Foral Legislativo 2/2023, de 24 de mayo, por el que se aprueba el texto refundido de las disposiciones del régimen tributario especial de las fundaciones y otras entidades sin fines lucrativos y de los incentivos fiscales al mecenazgo.",https://www.boe.es/diario_boe/xml.php?id=BOE-A-2023-16401,https://www.boe.es/diario_boe/txt.php?id=BOE-A-2023-16401,https://www.boe.es/boe/dias/2023/07/15/pdfs/BOE-A-2023-16401.pdf,xml,e81838b59d8672341f778662f0334e9266549f47a9edcd9943af0dda7c3c10ad,93994,13994
20230715,2023,168,1,I. Disposiciones generales,8080,COMUNIDAD AUTÓNOMA DE EXTREMADURA,Ayudas,BOE-A-2023-16402,"Decreto-ley 3/2023, de 17 de mayo, por el que se regulan ayudas temporales excepcionales a titulares de explotaciones agrarias afectadas por la sequía.",https://www.boe.es/diario_boe/xml.php?id=BOE-A-2023-16402,https://www.boe.es/diario_boe/txt.php?id=BOE-A-2023-16402,https://www.boe.es/boe/dias/2023/07/15/pdfs/BOE-A-2023-16402.pdf,xml,7ca926a975e46a5ddda83131a53845934b97a12b3861ffdb390ac30a837f6367,99104,14801
20230715,2023,168,2A,"II. Autoridades y personal. - A. Nombramientos, situaciones e incidencias",7786,PRESIDENCIA DEL GOBIERNO,Nombramientos,BOE-A-2023-16405,"Real Decreto 646/2023, de 14 de julio, por el que se nombra President de la Generalitat Valenciana a don Carlos Mazón Guixot.",https://www.boe.es/diario_boe/xml.php?id=BOE-A-2023-16405,https://www.boe.es/diario_boe/txt.php?id=BOE-A-2023-16405,https://www.boe.es/boe/dias/2023/07/15/pdfs/BOE-A-2023-16405.pdf,xml,691ccaa2fe115570d44f2b764b76128321da07f1fff523a7733c27cbc4361064,409,63
20230715,2023,168,2A,"II. Autoridades y personal. - A. Nombramientos, situaciones e incidencias",6110,MINISTERIO DE DEFENSA,Destinos,BOE-A-2023-16407,"Resolución 400/38293/2023, de 6 de julio, de la Subsecretaría, por la que se resuelve la convocatoria de libre designación, efectuada por Resolución 400/38175/2023, de 13 de abril.",https://www.boe.es/diario_boe/xml.php?id=BOE-A-2023-16407,https://www.boe.es/diario_boe/txt.php?id=BOE-A-2023-16407,https://www.boe.es/boe/dias/2023/07/15/pdfs/BOE-A-2023-16407.pdf,xml,b4f348f95115596be4ee632a49a52d4fa8b784fb3a6c32c9aaffc08d9ba75e04,2980,409
20230715,2023,168,2A,"II. Autoridades y personal. - A. Nombramientos, situaciones e incidencias",4510,MINISTERIO FISCAL,Ceses,BOE-A-2023-16409,"Decreto de 4 de julio de 2023, del Fiscal General del Estado, por el que dispone el cese por renuncia de don Manuel Pedreira Cárdenas como Fiscal Delegado de Cooperación Internacional de la Fiscalía Provincial de Araba/Álava.",https://www.boe.es/diario_boe/xml.php?id=BOE-A-2023-16409,https://www.boe.es/diario_boe/txt.php?id=BOE-A-2023-16409,https://www.boe.es/boe/dias/2023/07/15/pdfs/BOE-A-2023-16409.pdf,xml,b06d35e974861056a55a77abb350c939f80524e0c1c4fd4a99cfa28751fb589d,4281,661
20230715,2023,168,2B,II. Autoridades y personal. - B. Oposiciones y concursos,4245,MINISTERIO DE CIENCIA E INNOVACIÓN,Funcionarios de la Administración del Estado,BOE-A-2023-16429,"Resolución de 11 de julio de 2023, de la Presidencia de la Agencia Estatal Consejo Superior de Investigaciones Científicas, M.P., por la que se convoca la provisión de puesto de trabajo por el sistema de libre designación.",https://www.boe.es/diario_boe/xml.php?id=BOE-A-2023-16429,https://www.boe.es/diario_boe/txt.php?id=BOE-A-2023-16429,https://www.boe.es/boe/dias/2023/07/15/pdfs/BOE-A-2023-16429.pdf,xml,c930384a9d4b33711cebb6ff91d5d366e2b9405b20d0c619277b47b27a84e913,3062,452
20230715,2023,168,2B,II. Autoridades y personal. - B. Oposiciones y concursos,310,UNIVERSIDADES,Cuerpos docentes universitarios,BOE-A-2023-16436,"Resolución de 10 de julio de 2023, de la Universitat de València, por la que se corrigen errores en la de 16 de junio de 2023, por la que se convoca concurso de acceso a plazas de cuerpos docentes universitarios.",https://www.boe.es/diario_boe/xml.php?id=BOE-A-2023-16436,https://www.boe.es/diario_boe/txt.php?id=BOE-A-2023-16436,https://www.boe.es/boe/dias/2023/07/15/pdfs/BOE-A-2023-16436.pdf,xml,ab5d6bb3af0ba813c02a43656798e769afb0d143152ccccab8a990d267c34aae,3036,414
20230715,2023,168,3,III. Otras disposiciones,5250,"MINISTERIO DE INDUSTRIA, COMERCIO Y TURISMO",Convenios,BOE-A-2023-16450,"Resolución de 4 de julio de 2023, de ICEX España Exportación e Inversiones, E.P.E., por la que se publica el Convenio con la Asociación Multisectorial de Empresas, para la organización de una misión inversa de compradores del sector de la tecnología para la industria alimentaria, a celebrar en Barcelona con motivo de la feria Foodtech 2023.",https://www.boe.es/diario_boe/xml.php?id=BOE-A-2023-16450,https://www.boe.es/diario_boe/txt.php?id=BOE-A-2023-16450,https://www.boe.es/boe/dias/2023/07/15/pdfs/BOE-A-2023-16450.pdf,xml,8c0d94c02b4ccea2459ce76d2d3819d8f8149b2639ab9605129ff0d20d35ced8,26254,4013
20230715,2023,168,3,III. Otras disposiciones,9575,MINISTERIO PARA LA TRANSICIÓN ECOLÓGICA Y EL RETO DEMOGRÁFICO,Impacto ambiental,BOE-A-2023-16457,"Resolución de 6 de julio de 2023, de la Dirección General de Calidad y Evaluación Ambiental, por la que se formula informe de impacto ambiental del proyecto ""Actuaciones de ampliación y mejora de plataforma y electrificación en la línea convencional Murcia Mercancías-Águilas, tramo Pulpí-Águilas"".",https://www.boe.es/diario_boe/xml.php?id=BOE-A-2023-16457,https://www.boe.es/diario_boe/txt.php?id=BOE-A-2023-16457,https://www.boe.es/boe/dias/2023/07/15/pdfs/BOE-A-2023-16457.pdf,xml,2b8a2887b52b8dacddeb7072c38c948d5e6eb798dca62ddb0fa666419f8b635c,52963,8009
20230815,2023,194,1,I. Disposiciones generales,8010,COMUNIDAD AUTÓNOMA DE ANDALUCÍA,Empleados públicos,BOE-A-2023-18411,"Ley 7/2023, de 24 de julio, de creación de los Cuerpos Superior y Técnico de Intervención y Auditoría de la Administración de la Junta de Andalucía.",https://www.boe.es/diario_boe/xml.php?id=BOE-A-2023-18411,https://www.boe.es/diario_boe/txt.php?id=BOE-A-2023-18411,https://www.boe.es/boe/dias/2023/08/15/pdfs/BOE-A-2023-18411.pdf,xml,ba47791676c57467adef02ef64864d419872f4f8f8d362be1f7fbca7d13befdf,34077,5283
20230815,2023,194,1,I. Disposiciones generales,8010,COMUNIDAD AUTÓNOMA DE ANDALUCÍA,Personas con discapacidad,BOE-A-2023-18412,"Ley 8/2023, de 28 de julio, por la que se modifica la Ley 4/2017, de 25 de septiembre, de los derechos y la atención a las personas con discapacidad en Andalucía.",https://www.boe.es/diario_boe/xml.php?id=BOE-A-2023-18412,https://www.boe.es/diario_boe/txt.php?id=BOE-A-2023-18412,https://www.boe.es/boe/dias/2023/08/15/pdfs/BOE-A-2023-18412.pdf,xml,a3628a5a3f8a98b3a8805a6e0aada8d56ffc808ce7bc5e2c5a16709d570b2ec8,13903,2135
20230815,2023,194,1,I. Disposiciones generales,8110,COMUNIDAD AUTÓNOMA DE LA RIOJA,Protección de los animales,BOE-A-2023-18413,"Ley 10/2023, de 7 de agosto, de derogación de la Ley 6/2018, de 26 de noviembre, de protección de los animales en la Comunidad Autónoma de La Rioja.",https://www.boe.es/diario_boe/xml.php?id=BOE-A-2023-18413,https://www.boe.es/diario_boe/txt.php?id=BOE-A-2023-18413,https://www.boe.es/boe/dias/2023/08/15/pdfs/BOE-A-2023-18413.pdf,xml,5a0d4a7d06b474aa3ef6e1a2fba4d60bab8264e1ec5336d7848cf13b1b3130c6,4497,710
20230815,2023,194,2A,"II. Autoridades y personal. - A. Nombramientos, situaciones e incidencias",9279,MINISTERIO DE HACIENDA Y FUNCIÓN PÚBLICA,Destinos,BOE-A-2023-18414,"Resolución de 7 de agosto de 2023, de la Dirección General de la Función Pública, por la que se publica la adjudicación de puesto de trabajo reservado al personal funcionario de administración local con habilitación de carácter nacional, por el sistema de libre designación.",https://www.boe.es/diario_boe/xml.php?id=BOE-A-2023-18414,https://www.boe.es/diario_boe/txt.php?id=BOE-A-2023-18414,https://www.boe.es/boe/dias/2023/08/15/pdfs/BOE-A-2023-18414.pdf,xml,e3e9ad95782b3abda64c1247ec484dd0924469d570a8d1381b6a94b3bcdd10fe,2535,385
20230815,2023,194,2A,"II. Autoridades y personal. - A. Nombramientos, situaciones e incidencias",9523,MINISTERIO DE POLÍTICA TERRITORIAL,Ceses,BOE-A-2023-18415,"Resolución de 7 de agosto de 2023, de la Delegación del Gobierno en la Comunidad Autónoma de Canarias, por la que se dispone el cese de don José Carlos Hernández Santana como Director Insular de la Administración General del Estado en El Hierro.",https://www.boe.es/diario_boe/xml.php?id=BOE-A-2023-18415,https://www.boe.es/diario_boe/txt.php?id=BOE-A-2023-18415,https://www.boe.es/boe/dias/2023/08/15/pdfs/BOE-A-2023-18415.pdf,xml,daf0f6cc4ea871df0889944bec5fd24334486008030596d76a91c51c15392b64,631,98
20230815,2023,194,2B,II. Autoridades y personal. - B. Oposiciones y concursos,9525,ADMINISTRACIÓN LOCAL,Personal funcionario y laboral,BOE-A-2023-18435,"Resolución de 19 de julio de 2023, del Ayuntamiento de Vilamarxant (Valencia), referente a la convocatoria para proveer una plaza.",https://www.boe.es/diario_boe/xml.php?id=BOE-A-2023-18435,https://www.boe.es/diario_boe/txt.php?id=BOE-A-2023-18435,https://www.boe.es/boe/dias/2023/08/15/pdfs/BOE-A-2023-18435.pdf,xml,8f3401239e572d5dafade62616d1651af261fa5bcdb5affc6ac7cad2a95abfaa,779,117
20230815,2023,194,2B,II. Autoridades y personal. - B. Oposiciones y concursos,9525,ADMINISTRACIÓN LOCAL,Personal funcionario y laboral,BOE-A-2023-18439,"Resolución de 26 de julio de 2023, del Ayuntamiento de Mezalocha (Zaragoza), referente a la convocatoria para proveer una plaza.",https://www.boe.es/diario_boe/xml.php?id=BOE-A-2023-18439,https://www.boe.es/diario_boe/txt.php?id=BOE-A-2023-18439,https://www.boe.es/boe/dias/2023/08/15/pdfs/BOE-A-2023-18439.pdf,xml,cd0a7d5017bfaea8c4cd7b481d79b9ce6909f5d30420254822aabea6b24e4753,857,138
20230815,2023,194,2B,II. Autoridades y personal. - B. Oposiciones y concursos,9525,ADMINISTRACIÓN LOCAL,Personal funcionario y laboral,BOE-A-2023-18459,"Resolución de 10 de agosto de 2023, del Ayuntamiento de Albacete, referente a la convocatoria para proveer varias plazas.",https://www.boe.es/diario_boe/xml.php?id=BOE-A-2023-18459,https://www.boe.es/diario_boe/txt.php?id=BOE-A-2023-18459,https://www.boe.es/boe/dias/2023/08/15/pdfs/BOE-A-2023-18459.pdf,xml,ada09af621268db8fbbc4098d1b669b231c8b556496aac3103c94af044ddd801,3959,570
20230815,2023,194,3,III. Otras disposiciones,9572,"MINISTERIO DE TRANSPORTES, MOVILIDAD Y AGENDA URBANA",Premios,BOE-A-2023-18464,"Resolución de 17 de julio de 2023, del Jurado del Premio Nacional de Ingeniería Civil del Ministerio de Transportes, Movilidad y Agenda Urbana, por la que se publica la concesión del Premio correspondiente al año 2023.",https://www.boe.es/diario_boe/xml.php?id=BOE-A-2023-18464,https://www.boe.es/diario_boe/txt.php?id=BOE-A-2023-18464,https://www.boe.es/boe/dias/2023/08/15/pdfs/BOE-A-2023-18464.pdf,xml,94e48b00e30ec7fd2a37c6bee678501d9a1ac7270a84821eb70597de6ddbe07d,4927,743
20230815,2023,194,3,III. Otras disposiciones,9580,MINISTERIO DE UNIVERSIDADES,Convenios,BOE-A-2023-18472,"Resolución de 9 de junio de 2023, de la Universidad Internacional Menéndez Pelayo, O.A., por la que se publica el Convenio con el Banco Bilbao Vizcaya Argentaria, SA, para la realización del seminario ""La economía de la democracia. De la transición y la entrada en la Unión Europea hasta la crisis de la pandemia"".",https://www.boe.es/diario_boe/xml.php?id=BOE-A-2023-18472,https://www.boe.es/diario_boe/txt.php?id=BOE-A-2023-18472,https://www.boe.es/boe/dias/2023/08/15/pdfs/BOE-A-2023-18472.pdf,xml,10b7fb5156080419753244bc101b797e6c4ff6519bf2f6f896e475311e8815dd,15127,2341
20231016,2023,247,1,I. Disposiciones generales,9575,MINISTERIO PARA LA TRANSICIÓN ECOLÓGICA Y EL RETO DEMOGRÁFICO,Productos petrolíferos. Precios,BOE-A-2023-21300,"Resolución de 10 de octubre de 2023, de la Dirección General de Política Energética y Minas, por la que se publican los nuevos precios de venta, antes de impuestos, de los gases licuados del petróleo por canalización.",https://www.boe.es/diario_boe/xml.php?id=BOE-A-2023-21300,https://www.boe.es/diario_boe/txt.php?id=BOE-A-2023-21300,https://www.boe.es/boe/dias/2023/10/16/pdfs/BOE-A-2023-21300.pdf,xml,bb74ce96bb9ca95be5247998a80cb743c5690bb001ca88a01a5e001cf449fac7,7279,1087
20231016,2023,247,2A,"II. Autoridades y personal. - A. Nombramientos, situaciones e incidencias",9279,MINISTERIO DE HACIENDA Y FUNCIÓN PÚBLICA,Destinos,BOE-A-2023-21302,"Resolución de 6 de octubre de 2023, de la Dirección General de la Función Pública, por la que se publica la adjudicación de puesto de trabajo reservado al personal funcionario de administración local con habilitación de carácter nacional por el sistema de libre designación.",https://www.boe.es/diario_boe/xml.php?id=BOE-A-2023-21302,https://www.boe.es/diario_boe/txt.php?id=BOE-A-2023-21302,https://www.boe.es/boe/dias/2023/10/16/pdfs/BOE-A-2023-21302.pdf,xml,ddde42130dc64bf4aaca259364fb4c5c80281c7cdb2ef5b2501ced211ae06bf7,2497,367
20231016,2023,247,2A,"II. Autoridades y personal. - A. Nombramientos, situaciones e incidencias",9578,MINISTERIO DE CONSUMO,Ceses y nombramientos,BOE-A-2023-21307,"Orden CSM/1121/2023, de 10 de octubre, por la que se dispone el cese y nombramiento de vocales del Consejo Rector del Organismo Autónomo Agencia Española de Seguridad Alimentaria y Nutrición.",https://www.boe.es/diario_boe/xml.php?id=BOE-A-2023-21307,https://www.boe.es/diario_boe/txt.php?id=BOE-A-2023-21307,https://www.boe.es/boe/dias/2023/10/16/pdfs/BOE-A-2023-21307.pdf,xml,78678853176b4daeb283332909e99a18b507524a6e7f57efd3c308daf8c1df6e,1473,208
20231016,2023,247,2A,"II. Autoridades y personal. - A. Nombramientos, situaciones e incidencias",310,UNIVERSIDADES,Nombramientos,BOE-A-2023-21311,"Resolución de 5 de octubre de 2023, de la Universidad de Alicante, por la que se nombra Profesora Titular de Universidad a doña María Vicent Juan.",https://www.boe.es/diario_boe/xml.php?id=BOE-A-2023-21311,https://www.boe.es/diario_boe/txt.php?id=BOE-A-2023-21311,https://www.boe.es/boe/dias/2023/10/16/pdfs/BOE-A-2023-21311.pdf,xml,447d8483f953c924bcfcbbd0b14ac9d6995665d2796ca2a9116a99af56e56b8c,1760,259
20231016,2023,247,2B,II. Autoridades y personal. - B. Oposiciones y concursos,4810,MINISTERIO DE JUSTICIA,Cuerpo de Auxilio Judicial de la Administración de Justicia,BOE-A-2023-21314,"Orden JUS/1123/2023, de 20 de septiembre, por la que se publica la relación de plazas correspondientes al ámbito de Península y Baleares, que se ofrecen a las personas aprobadas en el proceso selectivo para ingreso en el Cuerpo de Auxilio Judicial de la Administración de Justicia, turno libre, convocado por Orden JUS/1254/2022, de 7 de diciembre.",https://www.boe.es/diario_boe/xml.php?id=BOE-A-2023-21314,https://www.boe.es/diario_boe/txt.php?id=BOE-A-2023-21314,https://www.boe.es/boe/dias/2023/10/16/pdfs/BOE-A-2023-21314.pdf,xml,110682621ff6b9d0d70b23bb966e05c45c8326a2f2abe985820b99c4c88ba3a3,20514,2888
20231016,2023,247,2B,II. Autoridades y personal. - B. Oposiciones y concursos,9574,"MINISTERIO DE LA PRESIDENCIA, RELACIONES CON LAS CORTES Y MEMORIA DEMOCRÁTICA",Funcionarios de la Administración del Estado,BOE-A-2023-21324,"Resolución de 10 de octubre de 2023, de la Subsecretaría, por la que se convoca la provisión de puestos de trabajo por el sistema de libre designación.",https://www.boe.es/diario_boe/xml.php?id=BOE-A-2023-21324,https://www.boe.es/diario_boe/txt.php?id=BOE-A-2023-21324,https://www.boe.es/boe/dias/2023/10/16/pdfs/BOE-A-2023-21324.pdf,xml,d6ec57ee2c354ec8481a8c95504ea7e3549e227e6efdb28b101997cd07087f81,6123,881
20231016,2023,247,2B,II. Autoridades y personal. - B. Oposiciones y concursos,310,UNIVERSIDADES,Cuerpos docentes universitarios,BOE-A-2023-21371,"Resolución de 6 de octubre de 2023, de la Universidad de las Illes Balears, por la que se convoca concurso de acceso a plaza de cuerpos docentes universitarios.",https://www.boe.es/diario_boe/xml.php?id=BOE-A-2023-21371,https://www.boe.es/diario_boe/txt.php?id=BOE-A-2023-21371,https://www.boe.es/boe/dias/2023/10/16/pdfs/BOE-A-2023-21371.pdf,xml,5fcdf49df59e98d28941450fea7ba99dbf4012d682d723c5ee08f3bde4abdd4b,38088,5753
20231016,2023,247,3,III. Otras disposiciones,4810,MINISTERIO DE JUSTICIA,Fundaciones,BOE-A-2023-21377,"Resolución de 3 de julio de 2023, de la Dirección General de Seguridad Jurídica y Fe Pública, por la que se inscribe en el Registro de Fundaciones la Fundación Culturas Constructivas Tradicionales.",https://www.boe.es/diario_boe/xml.php?id=BOE-A-2023-21377,https://www.boe.es/diario_boe/txt.php?id=BOE-A-2023-21377,https://www.boe.es/boe/dias/2023/10/16/pdfs/BOE-A-2023-21377.pdf,xml,dec5ad511278d8ca9976cd7014caaae964599e4bf9dbb8c9015fcfcbf1e08182,4228,627
20231016,2023,247,3,III. Otras disposiciones,9572,"MINISTERIO DE TRANSPORTES, MOVILIDAD Y AGENDA URBANA",Comunidad Autónoma de Andalucía. Convenio,BOE-A-2023-21392,"Resolución de 7 de septiembre de 2023, de la Autoridad Portuaria de Sevilla, por la que se publica el Convenio con la Comunidad Autónoma de Andalucía, para la coordinación integrada de los servicios de emergencia del puerto de Sevilla, en el sistema ""Emergencias 112-Andalucía"".",https://www.boe.es/diario_boe/xml.php?id=BOE-A-2023-21392,https://www.boe.es/diario_boe/txt.php?id=BOE-A-2023-21392,https://www.boe.es/boe/dias/2023/10/16/pdfs/BOE-A-2023-21392.pdf,xml,b2277a48a62c80fa83de603423e2a279cf2e9f537f3a9ea9f6e20dbd9ab651a7,19394,2917
20231016,2023,247,3,III. Otras disposiciones,9531,COMUNIDAD DE CASTILLA Y LEÓN,Bienes de interés cultural,BOE-A-2023-21410,"Acuerdo 68/2023, de 5 de octubre, de la Junta de Castilla y León, por el que se adecua en la categoría de conjunto histórico, el bien de interés cultural denominado «Villa de Ledesma» (Salamanca).",https://www.boe.es/diario_boe/xml.php?id=BOE-A-2023-21410,https://www.boe.es/diario_boe/txt.php?id=BOE-A-2023-21410,https://www.boe.es/boe/dias/2023/10/16/pdfs/BOE-A-2023-21410.pdf,xml,7266284258c886c23e18a6b1d6c891f50a357078565f55f267f364ede08446e5,14721,2364
20231115,2023,273,1,I. Disposiciones generales,9572,"MINISTERIO DE TRANSPORTES, MOVILIDAD Y AGENDA URBANA",Ayudas,BOE-A-2023-23119,"Orden TMA/1227/2023, de 10 de noviembre, por la que se modifican los Anexos I, III y V, del Real Decreto 983/2021, de 16 de noviembre, por el que se aprueba la concesión directa a las comunidades autónomas y a las ciudades de Ceuta y Melilla de ayudas para la transformación de flotas de transporte de viajeros y mercancías de empresas privadas prestadoras de servicios de transporte por carretera, así como de empresas que realicen transporte privado complementario, en el marco del Plan de Recuperación, Transformación y Resiliencia.",https://www.boe.es/diario_boe/xml.php?id=BOE-A-2023-23119,https://www.boe.es/diario_boe/txt.php?id=BOE-A-2023-23119,https://www.boe.es/boe/dias/2023/11/15/pdfs/BOE-A-2023-23119.pdf,xml,29b0c7d1ecfa60e4525d241ccb1c1d771a16a2d94815f73d295ae0009ad4b9ac,23345,3726
20231115,2023,273,1,I. Disposiciones generales,9575,MINISTERIO PARA LA TRANSICIÓN ECOLÓGICA Y EL RETO DEMOGRÁFICO,Ayudas,BOE-A-2023-23120,"Real Decreto 821/2023, de 14 de noviembre, por el que se adapta al marco europeo de ayudas de estado el Real Decreto 266/2021, de 13 de abril, por el que se aprueba la concesión directa de ayudas a las comunidades autónomas y a las ciudades de Ceuta y Melilla para la ejecución de programas de incentivos ligados a la movilidad eléctrica (MOVES III) en el marco del Plan de Recuperación, Transformación y Resiliencia Europeo, y se amplía su vigencia.",https://www.boe.es/diario_boe/xml.php?id=BOE-A-2023-23120,https://www.boe.es/diario_boe/txt.php?id=BOE-A-2023-23120,https://www.boe.es/boe/dias/2023/11/15/pdfs/BOE-A-2023-23120.pdf,xml,f3839a34a8285b2f5cd4fef221f1ddf174c535e53ca41da28de1d28ff5a3dab1,26258,4014
20231115,2023,273,1,I. Disposiciones generales,9570,MINISTERIO DE CULTURA Y DEPORTE,Subvenciones,BOE-A-2023-23121,"Real Decreto 822/2023, de 14 de noviembre, por el que se regula la concesión directa de subvenciones para el desarrollo de proyectos de interés cultural y deportivo.",https://www.boe.es/diario_boe/xml.php?id=BOE-A-2023-23121,https://www.boe.es/diario_boe/txt.php?id=BOE-A-2023-23121,https://www.boe.es/boe/dias/2023/11/15/pdfs/BOE-A-2023-23121.pdf,xml,d71bbdee433297f746940f92b62026cdb421e0200a678d2e6abb523b9e7e784c,30091,4541
20231115,2023,273,2A,"II. Autoridades y personal. - A. Nombramientos, situaciones e incidencias",9577,MINISTERIO DE DERECHOS SOCIALES Y AGENDA 2030,Destinos,BOE-A-2023-23127,"Resolución de 8 de noviembre de 2023, de la Secretaría de Estado para la Agenda 2030, por la que se resuelve la convocatoria de libre designación, efectuada por Resolución de 21 de septiembre de 2023.",https://www.boe.es/diario_boe/xml.php?id=BOE-A-2023-23127,https://www.boe.es/diario_boe/txt.php?id=BOE-A-2023-23127,https://www.boe.es/boe/dias/2023/11/15/pdfs/BOE-A-2023-23127.pdf,xml,a2563a54a443aeed4b356732cd7c080a5b0a1791f91ecac3ac2e1363d14e75b7,2735,416
20231115,2023,273,2A,"II. Autoridades y personal. - A. Nombramientos, situaciones e incidencias",310,UNIVERSIDADES,Nombramientos,BOE-A-2023-23129,"Resolución de 25 de octubre de 2023, de la Universidad Jaume I, por la que se nombran Profesoras y Profesores Titulares de Universidad.",https://www.boe.es/diario_boe/xml.php?id=BOE-A-2023-23129,https://www.boe.es/diario_boe/txt.php?id=BOE-A-2023-23129,https://www.boe.es/boe/dias/2023/11/15/pdfs/BOE-A-2023-23129.pdf,xml,6b66479b802d211640094b033c5da6406c6fca2657ef8065531ffd55ac86877a,1342,191
20231115,2023,273,2A,"II. Autoridades y personal. - A. Nombramientos, situaciones e incidencias",310,UNIVERSIDADES,Nombramientos,BOE-A-2023-23133,"Resolución de 3 de noviembre de 2023, de la Universidad de Granada, por la que se nombran Profesoras y Profesores Titulares de Universidad.",https://www.boe.es/diario_boe/xml.php?id=BOE-A-2023-23133,https://www.boe.es/diario_boe/txt.php?id=BOE-A-2023-23133,https://www.boe.es/boe/dias/2023/11/15/pdfs/BOE-A-2023-23133.pdf,xml,fec0ae5471a9a7fb002eb69d5bd3b594204976483120328a75ad35cf940ef433,1582,233
20231115,2023,273,2B,II. Autoridades y personal. - B. Oposiciones y concursos,6110,MINISTERIO DE DEFENSA,Funcionarios de las Administraciones Públicas,BOE-A-2023-23141,"Resolución 400/38439/2023, de 8 de noviembre, de la Subsecretaría, por la que se convoca la provisión de puestos de trabajo por el sistema de libre designación.",https://www.boe.es/diario_boe/xml.php?id=BOE-A-2023-23141,https://www.boe.es/diario_boe/txt.php?id=BOE-A-2023-23141,https://www.boe.es/boe/dias/2023/11/15/pdfs/BOE-A-2023-23141.pdf,xml,0e33419d1b3377dc92aad8aa781b832cb93a29f251cd6a909066b67e3aec18c1,4126,595
20231115,2023,273,2B,II. Autoridades y personal. - B. Oposiciones y concursos,9579,"MINISTERIO DE INCLUSIÓN, SEGURIDAD SOCIAL Y MIGRACIONES",Funcionarios de la Administración del Estado,BOE-A-2023-23157,"Resolución de 31 de octubre de 2023, de la Subsecretaría, por la que se convoca la provisión de puestos de trabajo por el sistema de libre designación.",https://www.boe.es/diario_boe/xml.php?id=BOE-A-2023-23157,https://www.boe.es/diario_boe/txt.php?id=BOE-A-2023-23157,https://www.boe.es/boe/dias/2023/11/15/pdfs/BOE-A-2023-23157.pdf,xml,5a8e09d7d7ba80758268797b9b220736c6de254beec4ece1be79f172f416fac5,3530,513
20231115,2023,273,3,III. Otras disposiciones,9573,MINISTERIO DE TRABAJO Y ECONOMÍA SOCIAL,Convenios colectivos de trabajo,BOE-A-2023-23190,"Resolución de 3 de noviembre de 2023, de la Dirección General de Trabajo, por la que se registra y publica el II Convenio colectivo de tripulantes de cabina de pasajeros de Norwegian Air Resources Spain, SL.",https://www.boe.es/diario_boe/xml.php?id=BOE-A-2023-23190,https://www.boe.es/diario_boe/txt.php?id=BOE-A-2023-23190,https://www.boe.es/boe/dias/2023/11/15/pdfs/BOE-A-2023-23190.pdf,xml,3258d5e2e2d4890a19f44f3140688d114afa50a174a79e111b5c7155066ee63a,137456,21715
20231115,2023,273,3,III. Otras disposiciones,9577,MINISTERIO DE DERECHOS SOCIALES Y AGENDA 2030,Comunidad Autónoma de Cantabria. Convenio,BOE-A-2023-23204,"Resolución de 6 de noviembre de 2023, del Instituto de Mayores y Servicios Sociales, por la que se publica el Convenio con la Comunidad Autónoma de Cantabria, para el desarrollo del Marco de cooperación interadministrativa previsto en la Ley 39/2006, de 14 de diciembre, de Promoción de la Autonomía Personal y Atención a las Personas en situación de dependencia y para el establecimiento y financiación del nivel de protección acordado para el ejercicio 2023.",https://www.boe.es/diario_boe/xml.php?id=BOE-A-2023-23204,https://www.boe.es/diario_boe/txt.php?id=BOE-A-2023-23204,https://www.boe.es/boe/dias/2023/11/15/pdfs/BOE-A-2023-23204.pdf,xml,6d6262e44fb2d81b51926d1d3c174ada1fedb58052f1ec6f2774696872f40f25,47406,7156
20240115,2024,13,1,I. Disposiciones generales,9575,MINISTERIO PARA LA TRANSICIÓN ECOLÓGICA Y EL RETO DEMOGRÁFICO,Productos petrolíferos. Precios,BOE-A-2024-714,"Resolución de 11 de enero de 2024, de la Dirección General de Política Energética y Minas, por la que se publican los nuevos precios de venta, antes de impuestos, de los gases licuados del petróleo por canalización.",https://www.boe.es/diario_boe/xml.php?id=BOE-A-2024-714,https://www.boe.es/diario_boe/txt.php?id=BOE-A-2024-714,https://www.boe.es/boe/dias/2024/01/15/pdfs/BOE-A-2024-714.pdf,xml,589c1f182785e0d726b9a74a2c3daba3438b61b897d5316d44a8c43db0f94889,7270,1088
20240115,2024,13,1,I. Disposiciones generales,9575,MINISTERIO PARA LA TRANSICIÓN ECOLÓGICA Y EL RETO DEMOGRÁFICO,Productos petrolíferos. Precios,BOE-A-2024-715,"Resolución de 11 de enero de 2024, de la Dirección General de Política Energética y Minas, por la que se publican los nuevos precios máximos de venta, antes de impuestos, de los gases licuados del petróleo envasados, en envases de carga igual o superior a 8 kg, e inferior a 20 kg, excluidos los envases de mezcla para usos de los gases licuados del petróleo como carburante.",https://www.boe.es/diario_boe/xml.php?id=BOE-A-2024-715,https://www.boe.es/diario_boe/txt.php?id=BOE-A-2024-715,https://www.boe.es/boe/dias/2024/01/15/pdfs/BOE-A-2024-715.pdf,xml,49d27a3884d4a759392f2f42ea0eced2c034e05706e6f4c36bacd664386354db,8965,1376
20240115,2024,13,2A,"II. Autoridades y personal. - A. Nombramientos, situaciones e incidencias",9279,MINISTERIO DE HACIENDA Y FUNCIÓN PÚBLICA,Nombramientos,BOE-A-2024-716,"Resolución de 26 de diciembre de 2023, de la Secretaría de Estado de Función Pública, por la que se nombra personal funcionario de carrera, por el sistema general de acceso libre, de la Escala de Médicos Inspectores del Cuerpo de Inspección Sanitaria de la Administración de la Seguridad Social.",https://www.boe.es/diario_boe/xml.php?id=BOE-A-2024-716,https://www.boe.es/diario_boe/txt.php?id=BOE-A-2024-716,https://www.boe.es/boe/dias/2024/01/15/pdfs/BOE-A-2024-716.pdf,xml,f55771424e4dcfc45f502c38ddd3187f6b4b1639762dcfcc896ddd215ecf63af,19494,2410
20240115,2024,13,2A,"II. Autoridades y personal. - A. Nombramientos, situaciones e incidencias",9279,MINISTERIO DE HACIENDA Y FUNCIÓN PÚBLICA,Destinos,BOE-A-2024-717,"Resolución de 27 de diciembre de 2023, de la Presidencia de la Autoridad Independiente de Responsabilidad Fiscal, AAI, por la que se resuelve el concurso general convocado por Resolución de 24 de mayo de 2023.",https://www.boe.es/diario_boe/xml.php?id=BOE-A-2024-717,https://www.boe.es/diario_boe/txt.php?id=BOE-A-2024-717,https://www.boe.es/boe/dias/2024/01/15/pdfs/BOE-A-2024-717.pdf,xml,7e6d41353edc4099eca14c8a232e50f6769011baf8f8854a8e496a63420ae2e6,4343,641
20240115,2024,13,2A,"II. Autoridades y personal. - A. Nombramientos, situaciones e incidencias",4335,MINISTERIO DE SANIDAD,Nombramientos,BOE-A-2024-721,"Orden SND/1460/2023, de 6 de noviembre, por la que se nombra miembro del Comité de Seguridad de Medicamentos Veterinarios de la Agencia Española de Medicamentos y Productos Sanitarios a doña Eva Soler Sellés.",https://www.boe.es/diario_boe/xml.php?id=BOE-A-2024-721,https://www.boe.es/diario_boe/txt.php?id=BOE-A-2024-721,https://www.boe.es/boe/dias/2024/01/15/pdfs/BOE-A-2024-721.pdf,xml,999705628c082ffe8d99853d3a5fa778e77fa9e3c73ba2d958c48241c929444e,1663,251
20240115,2024,13,2B,II. Autoridades y personal. - B. Oposiciones y concursos,9562,"MINISTERIO DE ASUNTOS EXTERIORES, UNIÓN EUROPEA Y COOPERACIÓN",Funcionarios de la Administración del Estado,BOE-A-2024-722,"Resolución de 8 de enero de 2024, la Dirección de la Agencia Española de Cooperación Internacional para el Desarrollo, por la que se convoca puesto de trabajo por el sistema de libre designación.",https://www.boe.es/diario_boe/xml.php?id=BOE-A-2024-722,https://www.boe.es/diario_boe/txt.php?id=BOE-A-2024-722,https://www.boe.es/boe/dias/2024/01/15/pdfs/BOE-A-2024-722.pdf,xml,b0ec790fe75c9235b03c888ac0294c8f481c7cf38daea3113e541c4ceef15112,3918,580
20240115,2024,13,2B,II. Autoridades y personal. - B. Oposiciones y concursos,9525,ADMINISTRACIÓN LOCAL,Personal funcionario y laboral,BOE-A-2024-753,"Resolución de 3 de enero de 2024, del Ayuntamiento de Pájara (Las Palmas), referente a la convocatoria para proveer una plaza.",https://www.boe.es/diario_boe/xml.php?id=BOE-A-2024-753,https://www.boe.es/diario_boe/txt.php?id=BOE-A-2024-753,https://www.boe.es/boe/dias/2024/01/15/pdfs/BOE-A-2024-753.pdf,xml,ad8a48d8811058bb1aee1e9307a39b8ac978c10ae4bd0278a8d39024c8d3e8e7,920,146
20240115,2024,13,2B,II. Autoridades y personal. - B. Oposiciones y concursos,9525,ADMINISTRACIÓN LOCAL,Personal funcionario y laboral,BOE-A-2024-758,"Resolución de 4 de enero de 2024, del Ayuntamiento de Benidorm (Alicante), referente a la convocatoria para proveer varias plazas.",https://www.boe.es/diario_boe/xml.php?id=BOE-A-2024-758,https://www.boe.es/diario_boe/txt.php?id=BOE-A-2024-758,https://www.boe.es/boe/dias/2024/01/15/pdfs/BOE-A-2024-758.pdf,xml,c22718f042f7e28ca593896af2ae1d626b0abfeb987c23908a99b9b268fdc6c3,1407,221
20240115,2024,13,3,III. Otras disposiciones,9589,"MINISTERIO DE ECONOMÍA, COMERCIO Y EMPRESA",Deuda del Estado,BOE-A-2024-771,"Resolución de 12 de enero de 2024, de la Dirección General del Tesoro y Política Financiera, por la que se disponen determinadas emisiones de Bonos y Obligaciones del Estado en el mes de enero de 2024 y se convocan las correspondientes subastas.",https://www.boe.es/diario_boe/xml.php?id=BOE-A-2024-771,https://www.boe.es/diario_boe/txt.php?id=BOE-A-2024-771,https://www.boe.es/boe/dias/2024/01/15/pdfs/BOE-A-2024-771.pdf,xml,853a79763051514d61c3a97e3678ac980ea6ebc8c2ca15c91ef9436e82f82086,9012,1126
20240115,2024,13,3,III. Otras disposiciones,1020,BANCO DE ESPAÑA,Entidades de crédito,BOE-A-2024-772,"Resolución de 4 de enero de 2024, del Banco de España, por la que se publica la baja en el Registro de entidades de crédito de ""Opel Bank, SA, Sucursal en España"".",https://www.boe.es/diario_boe/xml.php?id=BOE-A-2024-772,https://www.boe.es/diario_boe/txt.php?id=BOE-A-2024-772,https://www.boe.es/boe/dias/2024/01/15/pdfs/BOE-A-2024-772.pdf,xml,ce3103492b726e22515a7e885f69614ef0c42d898939b0871b9c9cab70a2ebff,552,87
20240215,2024,40,1,I. Disposiciones generales,9562,"MINISTERIO DE ASUNTOS EXTERIORES, UNIÓN EUROPEA Y COOPERACIÓN",Tratados internacionales,BOE-A-2024-2849,"Declaración de aceptación por España de la adhesión de la República de Malta al Convenio sobre la obtención de pruebas en el extranjero en materia civil o mercantil, hecho en La Haya el 18 de marzo de 1970.",https://www.boe.es/diario_boe/xml.php?id=BOE-A-2024-2849,https://www.boe.es/diario_boe/txt.php?id=BOE-A-2024-2849,https://www.boe.es/boe/dias/2024/02/15/pdfs/BOE-A-2024-2849.pdf,xml,bf4bac482e4150cb601fb8178f16930a29ed616a1231d7ac8cd031136b730e64,2775,429
20240215,2024,40,1,I. Disposiciones generales,9586,MINISTERIO DE TRANSPORTES Y MOVILIDAD SOSTENIBLE,Espacios naturales protegidos,BOE-A-2024-2850,"Real Decreto 118/2024, de 30 de enero, por el que se establecen limitaciones a la navegación marítima para la protección y recuperación del Mar Menor.",https://www.boe.es/diario_boe/xml.php?id=BOE-A-2024-2850,https://www.boe.es/diario_boe/txt.php?id=BOE-A-2024-2850,https://www.boe.es/boe/dias/2024/02/15/pdfs/BOE-A-2024-2850.pdf,xml,44a9d602be39688b1150146c492babbab3ac006a973d9e4bacd207c70efe8436,17422,2718
20240215,2024,40,1,I. Disposiciones generales,9586,MINISTERIO DE TRANSPORTES Y MOVILIDAD SOSTENIBLE,Buques pesqueros,BOE-A-2024-2851,"Real Decreto 119/2024, de 30 de enero, por el que se modifica el Real Decreto 543/2007, de 27 de abril, por el que se determinan las normas de seguridad y de prevención de la contaminación a cumplir por los buques pesqueros menores de 24 metros de eslora (L), para incluir un régimen especial aplicable a la pesca de túnidos.",https://www.boe.es/diario_boe/xml.php?id=BOE-A-2024-2851,https://www.boe.es/diario_boe/txt.php?id=BOE-A-2024-2851,https://www.boe.es/boe/dias/2024/02/15/pdfs/BOE-A-2024-2851.pdf,xml,85755115e0a2f1b52cfd22eff17950162a271f77b5ea1926d7d8265cdc578945,19508,3031
20240215,2024,40,2A,"II. Autoridades y personal. - A. Nombramientos, situaciones e incidencias",9590,"MINISTERIO DE EDUCACIÓN, FORMACIÓN PROFESIONAL Y DEPORTES",Nombramientos,BOE-A-2024-2855,"Orden EFD/121/2024, de 8 de febrero, por la que, a propuesta de la Consejería de Educación, Formación Profesional y Empleo de la Comunidad Autónoma de la Región de Murcia, se nombran funcionarias de carrera, a las seleccionadas en los procedimientos selectivos convocados por Orden de 25 de enero de 2021.",https://www.boe.es/diario_boe/xml.php?id=BOE-A-2024-2855,https://www.boe.es/diario_boe/txt.php?id=BOE-A-2024-2855,https://www.boe.es/boe/dias/2024/02/15/pdfs/BOE-A-2024-2855.pdf,xml,3754076cbaf4f8c2f9023d42e91f20cb2813bdbd360750358928f35a76058181,3498,508
20240215,2024,40,2A,"II. Autoridades y personal. - A. Nombramientos, situaciones e incidencias",9590,"MINISTERIO DE EDUCACIÓN, FORMACIÓN PROFESIONAL Y DEPORTES",Nombramientos,BOE-A-2024-2857,"Orden EFD/123/2024, de 8 de febrero, por la que, a propuesta de la Consejería de Educación, Universidades y Empleo de la Comunitat Valenciana, se nombra personal funcionario de carrera del Cuerpo de Maestros a las personas seleccionadas en el procedimiento selectivo convocado por Orden 45/2021, de 28 de diciembre.",https://www.boe.es/diario_boe/xml.php?id=BOE-A-2024-2857,https://www.boe.es/diario_boe/txt.php?id=BOE-A-2024-2857,https://www.boe.es/boe/dias/2024/02/15/pdfs/BOE-A-2024-2857.pdf,xml,5de8f55e4583785630884f3860a64c669c5f0d20bf079011b23aacd86d3cdcbe,78550,5621
20240215,2024,40,2A,"II. Autoridades y personal. - A. Nombramientos, situaciones e incidencias",9590,"MINISTERIO DE EDUCACIÓN, FORMACIÓN PROFESIONAL Y DEPORTES",Bajas,BOE-A-2024-2859,"Orden EFD/125/2024, de 8 de febrero, por la que, en aceptación de renuncia, se declara la pérdida de la condición de funcionario de carrera del Cuerpo de Profesores de Música y Artes Escénicas de don Manuel Martín del Campo Almoguera.",https://www.boe.es/diario_boe/xml.php?id=BOE-A-2024-2859,https://www.boe.es/diario_boe/txt.php?id=BOE-A-2024-2859,https://www.boe.es/boe/dias/2024/02/15/pdfs/BOE-A-2024-2859.pdf,xml,deac23f83c03d93b3031d55365bcde133ef17caec48ec3e960464544d930df52,2192,331
20240215,2024,40,2B,II. Autoridades y personal. - B. Oposiciones y concursos,6110,MINISTERIO DE DEFENSA,Funcionarios de la Administración del Estado,BOE-A-2024-2881,"Resolución 400/38026/2024, de 1 de febrero, de la Subsecretaría, por la que se convoca la provisión de puestos de trabajo por el sistema de libre designación.",https://www.boe.es/diario_boe/xml.php?id=BOE-A-2024-2881,https://www.boe.es/diario_boe/txt.php?id=BOE-A-2024-2881,https://www.boe.es/boe/dias/2024/02/15/pdfs/BOE-A-2024-2881.pdf,xml,d10667a06e59f313ae41177613dd97fa0ec2cfc9d61a72bc4a0498805e58c73f,3765,550
20240215,2024,40,2B,II. Autoridades y personal. - B. Oposiciones y concursos,9589,"MINISTERIO DE ECONOMÍA, COMERCIO Y EMPRESA",Funcionarios de la Administración del Estado,BOE-A-2024-2891,"Resolución de 12 de febrero de 2024, de la Subsecretaría, por la que se convoca la provisión de puestos de trabajo por el sistema de libre designación.",https://www.boe.es/diario_boe/xml.php?id=BOE-A-2024-2891,https://www.boe.es/diario_boe/txt.php?id=BOE-A-2024-2891,https://www.boe.es/boe/dias/2024/02/15/pdfs/BOE-A-2024-2891.pdf,xml,0599b12b7f91292a1adbd69fe3296185e518738b4bbd65e8dfc7f9f9bbb5e1db,3789,558
20240215,2024,40,3,III. Otras disposiciones,9590,"MINISTERIO DE EDUCACIÓN, FORMACIÓN PROFESIONAL Y DEPORTES",Convenios,BOE-A-2024-2936,"Resolución de 7 de febrero de 2024, de la Secretaría General Técnica, por la que se publica el Convenio con el Ayuntamiento de Fuente de Piedra, para el desarrollo del programa de formación abierta ""Aula Mentor"".",https://www.boe.es/diario_boe/xml.php?id=BOE-A-2024-2936,https://www.boe.es/diario_boe/txt.php?id=BOE-A-2024-2936,https://www.boe.es/boe/dias/2024/02/15/pdfs/BOE-A-2024-2936.pdf,xml,b121d84ee3616b1eea0586b36da8a70ca73eaa1a9ff248f9cb03e2fc3d0652e9,22946,3502
20240215,2024,40,3,III. Otras disposiciones,310,UNIVERSIDADES,Planes de estudios,BOE-A-2024-2950,"Resolución de 6 de noviembre de 2023, de la Universidad Loyola Andalucía, por la que se publica el plan de estudios de Graduado o Graduada en Artes Visuales.",https://www.boe.es/diario_boe/xml.php?id=BOE-A-2024-2950,https://www.boe.es/diario_boe/txt.php?id=BOE-A-2024-2950,https://www.boe.es/boe/dias/2024/02/15/pdfs/BOE-A-2024-2950.pdf,xml,771211aad01109453538da35a569b3836318500882947ffa1600c90d411dac6e,3214,418
20240415,2024,92,1,I. Disposiciones generales,9562,"MINISTERIO DE ASUNTOS EXTERIORES, UNIÓN EUROPEA Y COOPERACIÓN",Organización,BOE-A-2024-7294,"Orden AUC/320/2024, de 9 de abril, por la que se eleva a la categoría de Consulado Honorario la Oficina Consular honoraria de España en Le Havre, en la República Francesa.",https://www.boe.es/diario_boe/xml.php?id=BOE-A-2024-7294,https://www.boe.es/diario_boe/txt.php?id=BOE-A-2024-7294,https://www.boe.es/boe/dias/2024/04/15/pdfs/BOE-A-2024-7294.pdf,xml,1d58aa7f257ea41f54e8e51813c59145f5d78955d9af02300ca0f85e26c23c55,3231,494
20240415,2024,92,1,I. Disposiciones generales,9562,"MINISTERIO DE ASUNTOS EXTERIORES, UNIÓN EUROPEA Y COOPERACIÓN",Organización,BOE-A-2024-7295,"Orden AUC/321/2024, de 9 de abril, por la que se suprime la Oficina Consular Honoraria, con categoría de Consulado Honorario de España, en Ventimiglia, y se modifica la circunscripción de la Oficina Consular Honoraria, con categoría de Viceconsulado Honorario de España, en Génova, en la República Italiana.",https://www.boe.es/diario_boe/xml.php?id=BOE-A-2024-7295,https://www.boe.es/diario_boe/txt.php?id=BOE-A-2024-7295,https://www.boe.es/boe/dias/2024/04/15/pdfs/BOE-A-2024-7295.pdf,xml,8a36b01a238d82db7b0b7ad8e9639d141e1a8a8144f99c9e04197e07cf3e9882,3100,460
20240415,2024,92,1,I. Disposiciones generales,9575,MINISTERIO PARA LA TRANSICIÓN ECOLÓGICA Y EL RETO DEMOGRÁFICO,Productos petrolíferos. Precios,BOE-A-2024-7297,"Resolución de 8 de abril de 2024, de la Dirección General de Política Energética y Minas, por la que se publican los nuevos precios de venta, antes de impuestos, de los gases licuados del petróleo por canalización.",https://www.boe.es/diario_boe/xml.php?id=BOE-A-2024-7297,https://www.boe.es/diario_boe/txt.php?id=BOE-A-2024-7297,https://www.boe.es/boe/dias/2024/04/15/pdfs/BOE-A-2024-7297.pdf,xml,62d57d8cb47fd5800001cf79987d976e00d3855b9199a459e1bc14c514bc9215,7265,1087
20240415,2024,92,2A,"II. Autoridades y personal. - A. Nombramientos, situaciones e incidencias",9595,MINISTERIO PARA LA TRANSFORMACIÓN DIGITAL Y DE LA FUNCIÓN PÚBLICA,Destinos,BOE-A-2024-7311,"Resolución de 8 de abril de 2024, de la Subsecretaría, por la que se resuelve la convocatoria de libre designación, efectuada por Resolución de 14 de febrero de 2024.",https://www.boe.es/diario_boe/xml.php?id=BOE-A-2024-7311,https://www.boe.es/diario_boe/txt.php?id=BOE-A-2024-7311,https://www.boe.es/boe/dias/2024/04/15/pdfs/BOE-A-2024-7311.pdf,xml,681b36d206a5da78d9033aa2737f9b78de7dedb09475c22a7552b2775fb6c961,2737,412
20240415,2024,92,2A,"II. Autoridades y personal. - A. Nombramientos, situaciones e incidencias",310,UNIVERSIDADES,Nombramientos,BOE-A-2024-7322,"Resolución de 5 de abril de 2024, de la Universidad de Castilla-La Mancha, por la que se nombran Catedráticas y Catedráticos de Universidad.",https://www.boe.es/diario_boe/xml.php?id=BOE-A-2024-7322,https://www.boe.es/diario_boe/txt.php?id=BOE-A-2024-7322,https://www.boe.es/boe/dias/2024/04/15/pdfs/BOE-A-2024-7322.pdf,xml,3a9d5cdd757717eb1d4b7128d7366f051e208717d508c928a6a0ba7cd0b8a3a0,3228,464
20240415,2024,92,2A,"II. Autoridades y personal. - A. Nombramientos, situaciones e incidencias",310,UNIVERSIDADES,Nombramientos,BOE-A-2024-7328,"Resolución de 5 de abril de 2024, de la Universidad Nacional de Educación a Distancia, por la que se nombra Profesor Titular de Universidad a don Vicente Ordóñez Roig.",https://www.boe.es/diario_boe/xml.php?id=BOE-A-2024-7328,https://www.boe.es/diario_boe/txt.php?id=BOE-A-2024-7328,https://www.boe.es/boe/dias/2024/04/15/pdfs/BOE-A-2024-7328.pdf,xml,81e356c950cf990029f95e1fad6b2a028f57811782b734710f2344c1404a7847,953,141
20240415,2024,92,2B,II. Autoridades y personal. - B. Oposiciones y concursos,9525,ADMINISTRACIÓN LOCAL,Personal funcionario,BOE-A-2024-7378,"Resolución de 4 de abril de 2024, del Ayuntamiento de Valldemossa (Illes Balears), referente a la convocatoria para proveer puesto de trabajo por el sistema de libre designación.",https://www.boe.es/diario_boe/xml.php?id=BOE-A-2024-7378,https://www.boe.es/diario_boe/txt.php?id=BOE-A-2024-7378,https://www.boe.es/boe/dias/2024/04/15/pdfs/BOE-A-2024-7378.pdf,xml,8963cf0533afd44d97c67d6e43e4e07da70253c0a2f7312f719e3ba7abed5f16,718,113
20240415,2024,92,2B,II. Autoridades y personal. - B. Oposiciones y concursos,9525,ADMINISTRACIÓN LOCAL,Personal funcionario y laboral,BOE-A-2024-7402,"Resolución de 4 de abril de 2024, del Ayuntamiento de Castellbisbal (Barcelona), referente a la convocatoria para proveer una plaza.",https://www.boe.es/diario_boe/xml.php?id=BOE-A-2024-7402,https://www.boe.es/diario_boe/txt.php?id=BOE-A-2024-7402,https://www.boe.es/boe/dias/2024/04/15/pdfs/BOE-A-2024-7402.pdf,xml,d313f82b92066ca96b4613dc6edaf6ab7cb7f77015adef2d79f84586b0acc2fd,754,118
20240415,2024,92,3,III. Otras disposiciones,7320,MINISTERIO DEL INTERIOR,Convenios,BOE-A-2024-7466,"Resolución de 8 de abril de 2024, de la Secretaría General Técnica, por la que se publica el Convenio entre la Secretaría General de Instituciones Penitenciarias y la Asociación Beatriz de Suabia, para el desarrollo del Programa para Agresores de Violencia de Género de intervención en el medio abierto y en el ámbito de las penas y medidas alternativas.",https://www.boe.es/diario_boe/xml.php?id=BOE-A-2024-7466,https://www.boe.es/diario_boe/txt.php?id=BOE-A-2024-7466,https://www.boe.es/boe/dias/2024/04/15/pdfs/BOE-A-2024-7466.pdf,xml,13e6a8ba8b73919a5782745a180db577707df7edb68f68e71716d8c0c044391e,18592,2778
20240415,2024,92,3,III. Otras disposiciones,9588,"MINISTERIO DE DERECHOS SOCIALES, CONSUMO Y AGENDA 2030",Comunidad de Madrid. Convenio,BOE-A-2024-7475,"Resolución de 5 de abril de 2024, de la Dirección General del Instituto de Mayores y Servicios Sociales, por la que se publica la Adenda de modificación y prórroga del Convenio entre el Centro de Referencia Estatal de Atención al Daño Cerebral de Madrid y la Universidad Complutense de Madrid, para la realización de prácticas académicas externas.",https://www.boe.es/diario_boe/xml.php?id=BOE-A-2024-7475,https://www.boe.es/diario_boe/txt.php?id=BOE-A-2024-7475,https://www.boe.es/boe/dias/2024/04/15/pdfs/BOE-A-2024-7475.pdf,xml,fdb269dca7473612268fc4e2ead692f83922b4f62da2c13f09e0b860d47293cb,7966,1211
20240515,2024,118,1,I. Disposiciones generales,7723,JEFATURA DEL ESTADO,Protección de colectivos vulnerables,BOE-A-2024-9699,"Real Decreto-ley 1/2024, de 14 de mayo, por el que se prorrogan las medidas de suspensión de lanzamientos sobre la vivienda habitual para la protección de los colectivos vulnerables.",https://www.boe.es/diario_boe/xml.php?id=BOE-A-2024-9699,https://www.boe.es/diario_boe/txt.php?id=BOE-A-2024-9699,https://www.boe.es/boe/dias/2024/05/15/pdfs/BOE-A-2024-9699.pdf,xml,8fde0d543d7833473900bd5aa824fa6e7f177df75a1211e9dfffbaa9a412d126,13742,2073
20240515,2024,118,1,I. Disposiciones generales,9585,"MINISTERIO DE LA PRESIDENCIA, JUSTICIA Y RELACIONES CON LAS CORTES",Cuerpo de la Guardia Civil,BOE-A-2024-9700,"Real Decreto 477/2024, de 14 de mayo, por el que se modifica el Reglamento de adquisición y pérdida de la condición de guardia civil y de situaciones administrativas del personal de la Guardia Civil, aprobado por el Real Decreto 728/2017, de 21 de julio.",https://www.boe.es/diario_boe/xml.php?id=BOE-A-2024-9700,https://www.boe.es/diario_boe/txt.php?id=BOE-A-2024-9700,https://www.boe.es/boe/dias/2024/05/15/pdfs/BOE-A-2024-9700.pdf,xml,4d8925012a46b76184378026a8ea0da7faabde310405a8d90ccaf0565b478b60,16871,2601
20240515,2024,118,2A,"II. Autoridades y personal. - A. Nombramientos, situaciones e incidencias",9591,MINISTERIO DE INDUSTRIA Y TURISMO,Ceses,BOE-A-2024-9711,"Real Decreto 488/2024, de 14 de mayo, por el que se dispone el cese de doña Aida Fernández González como Directora de la Oficina Española de Patentes y Marcas.",https://www.boe.es/diario_boe/xml.php?id=BOE-A-2024-9711,https://www.boe.es/diario_boe/txt.php?id=BOE-A-2024-9711,https://www.boe.es/boe/dias/2024/05/15/pdfs/BOE-A-2024-9711.pdf,xml,46d1cea0346aee98e3a93fdd9f445e6dde478aabceb909f87bcf7912c1833d18,390,67
20240515,2024,118,2A,"II. Autoridades y personal. - A. Nombramientos, situaciones e incidencias",310,UNIVERSIDADES,Nombramientos,BOE-A-2024-9723,"Resolución de 3 de mayo de 2024, de la Universidad de las Illes Balears, por la que se nombra Catedrático de Universidad a don Miquel Grimalt Gelabert.",https://www.boe.es/diario_boe/xml.php?id=BOE-A-2024-9723,https://www.boe.es/diario_boe/txt.php?id=BOE-A-2024-9723,https://www.boe.es/boe/dias/2024/05/15/pdfs/BOE-A-2024-9723.pdf,xml,322c87f9e45896a954679d744404f662b1a2d640990d85a66b447313702022ea,1926,285
20240515,2024,118,2B,II. Autoridades y personal. - B. Oposiciones y concursos,9562,"MINISTERIO DE ASUNTOS EXTERIORES, UNIÓN EUROPEA Y COOPERACIÓN",Cuerpo de Traductores e Intérpretes del Estado,BOE-A-2024-9727,"Resolución de 9 de mayo de 2024, de la Subsecretaría, por la que se aprueba la relación provisional de personas admitidas y excluidas y se anuncia fecha, hora y lugar de celebración del primer ejercicio de las pruebas selectivas para ingreso, por el sistema general de acceso libre, en el Cuerpo de Traductores e Intérpretes del Estado, convocadas por Resolución de 7 de marzo de 2024.",https://www.boe.es/diario_boe/xml.php?id=BOE-A-2024-9727,https://www.boe.es/diario_boe/txt.php?id=BOE-A-2024-9727,https://www.boe.es/boe/dias/2024/05/15/pdfs/BOE-A-2024-9727.pdf,xml,b3a3c0ff07cb6a4a977d9e008dadf3e87496743a5a836bbd94d026b5327aac92,11819,1733
20240515,2024,118,2B,II. Autoridades y personal. - B. Oposiciones y concursos,5140,MINISTERIO DE HACIENDA,Funcionarios de la Administración del Estado,BOE-A-2024-9735,"Resolución de 7 de mayo de 2024, de la Subsecretaría, por la que se convoca la provisión de puestos de trabajo por el sistema de libre designación.",https://www.boe.es/diario_boe/xml.php?id=BOE-A-2024-9735,https://www.boe.es/diario_boe/txt.php?id=BOE-A-2024-9735,https://www.boe.es/boe/dias/2024/05/15/pdfs/BOE-A-2024-9735.pdf,xml,41f8c455a512475f2eed0c60058fd60fb84b9a0ea3921c2e711703ef6f0780a6,6561,978
20240515,2024,118,3,III. Otras disposiciones,9585,"MINISTERIO DE LA PRESIDENCIA, JUSTICIA Y RELACIONES CON LAS CORTES",Recursos,BOE-A-2024-9798,"Resolución de 29 de abril de 2024, de la Dirección General de Seguridad Jurídica y Fe Pública, por la que se publica, conforme a lo dispuesto en el artículo 327 de la Ley Hipotecaria, la sentencia de la Audiencia Provincial de Córdoba, Sección Primera, de fecha 28 de noviembre de 2023, que ha devenido firme.",https://www.boe.es/diario_boe/xml.php?id=BOE-A-2024-9798,https://www.boe.es/diario_boe/txt.php?id=BOE-A-2024-9798,https://www.boe.es/boe/dias/2024/05/15/pdfs/BOE-A-2024-9798.pdf,xml,b27abe694f8064ecb48bbc27000d2e1a24fad4db146b8a9a1e01f1319946d63c,2193,339
20240515,2024,118,3,III. Otras disposiciones,8140,COMUNIDAD AUTÓNOMA DEL PAÍS VASCO,Homologaciones,BOE-A-2024-9828,"Resolución de 26 de abril de 2024, de la Delegación Territorial de Bizkaia de Administración Industrial, del Departamento de Desarrollo Económico, Sostenibilidad y Medio Ambiente, por la que se autoriza la instalación y uso en la red de determinados transformadores eléctricos fabricados por Electrotécnica Arteche Hermanos, SL.",https://www.boe.es/diario_boe/xml.php?id=BOE-A-2024-9828,https://www.boe.es/diario_boe/txt.php?id=BOE-A-2024-9828,https://www.boe.es/boe/dias/2024/05/15/pdfs/BOE-A-2024-9828.pdf,xml,9f9c78299868680b9f196a66c472b63c9e12977ac855700013b96c2adf60cb04,6404,933
20240515,2024,118,T,T.C. Sección del Tribunal Constitucional,1410,TRIBUNAL CONSTITUCIONAL,Sentencias,BOE-A-2024-9833,"Sala Primera. Sentencia 50/2024, de 8 de abril de 2024. Recurso de amparo 3971-2021. Promovido por don Oriol Junqueras i Vies respecto de la sentencia de la Sección Cuarta de la Sala de lo Contencioso-Administrativo del Tribunal Supremo que confirmó las resoluciones de las juntas electorales denegando su proclamación como candidato en elecciones al Congreso de los Diputados. Supuesta vulneración de los derechos a la tutela judicial efectiva y a un recurso efectivo en relación con el derecho de sufragio pasivo: resolución judicial que confirma la inelegibilidad del demandante como consecuencia de su condena a una pena de prisión.",https://www.boe.es/diario_boe/xml.php?id=BOE-A-2024-9833,https://www.boe.es/diario_boe/txt.php?id=BOE-A-2024-9833,https://www.boe.es/boe/dias/2024/05/15/pdfs/BOE-A-2024-9833.pdf,xml,652eeeba04b9d9ea375ca336315fe04b58e77f408ff37702c343236943f66a5c,68722,10916
20240515,2024,118,T,T.C. Sección del Tribunal Constitucional,1410,TRIBUNAL CONSTITUCIONAL,Sentencias,BOE-A-2024-9836,"Sala Segunda. Sentencia 53/2024, de 8 de abril de 2024. Recurso de amparo 8220-2021. Promovido por don B.J.M.S., respecto de las resoluciones dictadas por la Sala de lo Civil del Tribunal Supremo, la Audiencia Provincial de Madrid y un juzgado de violencia sobre la mujer de su capital, en proceso de divorcio contencioso. Vulneración del derecho a la tutela judicial efectiva (motivación) en relación con la obligación de asegurar la protección integral de la familia y de los hijos y el estatuto constitucional de los derechos del condenado que esté cumpliendo pena de prisión: resoluciones judiciales que consideraron, de manera irrazonable, la situación de ingreso en prisión del padre como causa de privación del derecho de visitas.",https://www.boe.es/diario_boe/xml.php?id=BOE-A-2024-9836,https://www.boe.es/diario_boe/txt.php?id=BOE-A-2024-9836,https://www.boe.es/boe/dias/2024/05/15/pdfs/BOE-A-2024-9836.pdf,xml,62fe674e6e8eaacb538ed5ff1495179c3e688458581483c7e9fbebc8e88b3c78,72935,11708
20240715,2024,170,1,I. Disposiciones generales,9575,MINISTERIO PARA LA TRANSICIÓN ECOLÓGICA Y EL RETO DEMOGRÁFICO,Combustibles,BOE-A-2024-14389,"Resolución de 3 de julio de 2024, de la Dirección General de Política Energética y Minas, por la que se fija el poder calorífico inferior de la hulla, fuel oil, diesel oil, y gasoil para el año 2023 a efectos del régimen retributivo adicional de los grupos de generación ubicados en los territorios no peninsulares.",https://www.boe.es/diario_boe/xml.php?id=BOE-A-2024-14389,https://www.boe.es/diario_boe/txt.php?id=BOE-A-2024-14389,https://www.boe.es/boe/dias/2024/07/15/pdfs/BOE-A-2024-14389.pdf,xml,f91cde13bedcd7a93d4e0ea62c2001da30a2cd15951b9cafd1e773b568f02358,9503,1291
20240715,2024,170,1,I. Disposiciones generales,9575,MINISTERIO PARA LA TRANSICIÓN ECOLÓGICA Y EL RETO DEMOGRÁFICO,Productos petrolíferos. Precios,BOE-A-2024-14390,"Resolución de 9 de julio de 2024, de la Dirección General de Política Energética y Minas, por la que se publican los nuevos precios de venta, antes de impuestos, de los gases licuados del petróleo por canalización.",https://www.boe.es/diario_boe/xml.php?id=BOE-A-2024-14390,https://www.boe.es/diario_boe/txt.php?id=BOE-A-2024-14390,https://www.boe.es/boe/dias/2024/07/15/pdfs/BOE-A-2024-14390.pdf,xml,b66aba6dfc252cb7f7bb7a752bf62e3fd494342b7fdd73e6e9aad73acb5ec8dc,7234,1078
20240715,2024,170,1,I. Disposiciones generales,8020,COMUNIDAD AUTÓNOMA DE ARAGÓN,Derecho Foral de Aragón,BOE-A-2024-14392,"Ley 3/2024, de 13 de junio, de modificación del Código del Derecho Foral de Aragón en materia de capacidad jurídica de las personas.",https://www.boe.es/diario_boe/xml.php?id=BOE-A-2024-14392,https://www.boe.es/diario_boe/txt.php?id=BOE-A-2024-14392,https://www.boe.es/boe/dias/2024/07/15/pdfs/BOE-A-2024-14392.pdf,xml,eda20ea5c219f07910c271457242b065b969ff9625cfb96834045e0a72a037a6,166905,26150
20240715,2024,170,2A,"II. Autoridades y personal. - A. Nombramientos, situaciones e incidencias",1820,CONSEJO GENERAL DEL PODER JUDICIAL,Destinos,BOE-A-2024-14393,"Acuerdo de 27 de junio de 2024, del Pleno del Consejo General del Poder Judicial, por el que se resuelve el concurso, convocado por Acuerdo de 18 de abril de 2024, de la Comisión Permanente, en el Centro de Documentación Judicial.",https://www.boe.es/diario_boe/xml.php?id=BOE-A-2024-14393,https://www.boe.es/diario_boe/txt.php?id=BOE-A-2024-14393,https://www.boe.es/boe/dias/2024/07/15/pdfs/BOE-A-2024-14393.pdf,xml,e4b568d82816b3c10c862c313ba89b2ab5cefbd62a3fa557316db7c456f7770a,1130,182
20240715,2024,170,2A,"II. Autoridades y personal. - A. Nombramientos, situaciones e incidencias",9562,"MINISTERIO DE ASUNTOS EXTERIORES, UNIÓN EUROPEA Y COOPERACIÓN",Destinos,BOE-A-2024-14395,"Resolución de 3 de julio de 2024, de la Subsecretaría, por la que se resuelve parcialmente la convocatoria de libre designación, efectuada por Resolución de 23 de abril de 2024.",https://www.boe.es/diario_boe/xml.php?id=BOE-A-2024-14395,https://www.boe.es/diario_boe/txt.php?id=BOE-A-2024-14395,https://www.boe.es/boe/dias/2024/07/15/pdfs/BOE-A-2024-14395.pdf,xml,c652545ba8bf77fa143e38bafb1a47574d792edc612d8c5b454a677bf7dae79a,2706,390
20240715,2024,170,2A,"II. Autoridades y personal. - A. Nombramientos, situaciones e incidencias",9595,MINISTERIO PARA LA TRANSFORMACIÓN DIGITAL Y DE LA FUNCIÓN PÚBLICA,Destinos,BOE-A-2024-14405,"Resolución de 4 de julio de 2024, de la Subsecretaría, por la que se resuelve la convocatoria de libre designación, efectuada por Resolución de 29 de mayo de 2024.",https://www.boe.es/diario_boe/xml.php?id=BOE-A-2024-14405,https://www.boe.es/diario_boe/txt.php?id=BOE-A-2024-14405,https://www.boe.es/boe/dias/2024/07/15/pdfs/BOE-A-2024-14405.pdf,xml,66e824ad06f580ddc354413837a9c792edfcadbd4688a33834b94ca26c503237,2755,409
20240715,2024,170,2B,II. Autoridades y personal. - B. Oposiciones y concursos,1420,TRIBUNAL DE CUENTAS,Procedimientos de libre designación,BOE-A-2024-14420,"Resolución de 8 de julio de 2024, de la Presidencia del Tribunal de Cuentas, por la que se convoca la provisión de puestos de trabajo por el sistema de libre designación.",https://www.boe.es/diario_boe/xml.php?id=BOE-A-2024-14420,https://www.boe.es/diario_boe/txt.php?id=BOE-A-2024-14420,https://www.boe.es/boe/dias/2024/07/15/pdfs/BOE-A-2024-14420.pdf,xml,9f378fd05bb7e46c77c625779cd6820d7b69733a6d389582dafbe94461fa3674,13915,2101
20240715,2024,170,2B,II. Autoridades y personal. - B. Oposiciones y concursos,9525,ADMINISTRACIÓN LOCAL,Personal funcionario y laboral,BOE-A-2024-14448,"Resolución de 4 de julio de 2024, del Ayuntamiento de Guadarrama (Madrid), referente a la convocatoria para proveer varias plazas.",https://www.boe.es/diario_boe/xml.php?id=BOE-A-2024-14448,https://www.boe.es/diario_boe/txt.php?id=BOE-A-2024-14448,https://www.boe.es/boe/dias/2024/07/15/pdfs/BOE-A-2024-14448.pdf,xml,f66c6ce5e099b4bb0615ec991ae13abcf1c9ab3fc43b605f067f28fb1c15976f,739,114
20240715,2024,170,3,III. Otras disposiciones,9562,"MINISTERIO DE ASUNTOS EXTERIORES, UNIÓN EUROPEA Y COOPERACIÓN",Convenios,BOE-A-2024-14476,"Resolución de 3 de julio de 2024, de la Secretaría General Técnica, por la que se publica el Convenio entre el Consorcio Casa Mediterráneo y Chocolates Marcos Tonda, SL, para su incorporación al Alto Patronato de Casa Mediterráneo.",https://www.boe.es/diario_boe/xml.php?id=BOE-A-2024-14476,https://www.boe.es/diario_boe/txt.php?id=BOE-A-2024-14476,https://www.boe.es/boe/dias/2024/07/15/pdfs/BOE-A-2024-14476.pdf,xml,fb3330d7185c07a96202ada77b5bff22d2a5b8b920d0babb4a0c8117af853837,10373,1543
20240715,2024,170,3,III. Otras disposiciones,5140,MINISTERIO DE HACIENDA,Comunidad de Madrid. Convenio,BOE-A-2024-14493,"Resolución de 9 de julio de 2024, de la Presidencia de la Autoridad Independiente de Responsabilidad Fiscal, AAI, por la que se publica Anexo IV al Convenio con la Universidad Complutense de Madrid, para articular las relaciones derivadas de la selección e incorporación de estudiantes en prácticas, en el marco del procedimiento convocado por Resolución de 17 de febrero de 2023.",https://www.boe.es/diario_boe/xml.php?id=BOE-A-2024-14493,https://www.boe.es/diario_boe/txt.php?id=BOE-A-2024-14493,https://www.boe.es/boe/dias/2024/07/15/pdfs/BOE-A-2024-14493.pdf,xml,3974915de3bb69feea6632a5692d99781cd7a4a2d3589a9cf017a432ed4a0959,5533,834
20240715,2024,170,3,III. Otras disposiciones,9590,"MINISTERIO DE EDUCACIÓN, FORMACIÓN PROFESIONAL Y DEPORTES",Convenios,BOE-A-2024-14513,"Resolución de 8 de julio de 2024, de la Secretaría General Técnica, por la que se publica el Convenio con el Ayuntamiento de Pallejà, para el desarrollo del programa de formación abierta ""Aula Mentor"".",https://www.boe.es/diario_boe/xml.php?id=BOE-A-2024-14513,https://www.boe.es/diario_boe/txt.php?id=BOE-A-2024-14513,https://www.boe.es/boe/dias/2024/07/15/pdfs/BOE-A-2024-14513.pdf,xml,73f6041fe4f2991347cc37c47072385a797660211b4f3f8625cb19c2cfcaae65,22880,3472
20240815,2024,197,1,I. Disposiciones generales,8010,COMUNIDAD AUTÓNOMA DE ANDALUCÍA,Organización,BOE-A-2024-16885,"Ley 2/2024, de 19 de julio, del Consejo Consultivo de Andalucía.",https://www.boe.es/diario_boe/xml.php?id=BOE-A-2024-16885,https://www.boe.es/diario_boe/txt.php?id=BOE-A-2024-16885,https://www.boe.es/boe/dias/2024/08/15/pdfs/BOE-A-2024-16885.pdf,xml,c189f4d47017aac6b3e5436dc07435d169e823a1979068794c85cf0787ed6068,34281,5141
20240815,2024,197,1,I. Disposiciones generales,8010,COMUNIDAD AUTÓNOMA DE ANDALUCÍA,Universidades privadas,BOE-A-2024-16886,"Ley 3/2024, de 26 de julio, de reconocimiento de la universidad privada Universidad Alfonso X el Sabio Mare Nostrum.",https://www.boe.es/diario_boe/xml.php?id=BOE-A-2024-16886,https://www.boe.es/diario_boe/txt.php?id=BOE-A-2024-16886,https://www.boe.es/boe/dias/2024/08/15/pdfs/BOE-A-2024-16886.pdf,xml,23d7e0d477b1e034cca646fea501874da0f652b0904d8d9f7c385382bb85ee9a,28967,4335
20240815,2024,197,1,I. Disposiciones generales,8010,COMUNIDAD AUTÓNOMA DE ANDALUCÍA,Universidades privadas,BOE-A-2024-16887,"Ley 4/2024, de 26 de julio, de reconocimiento de la universidad privada Universidad Europea de Andalucía.",https://www.boe.es/diario_boe/xml.php?id=BOE-A-2024-16887,https://www.boe.es/diario_boe/txt.php?id=BOE-A-2024-16887,https://www.boe.es/boe/dias/2024/08/15/pdfs/BOE-A-2024-16887.pdf,xml,94e991094b2f7c72eeb851b78eda7326bfaeb10ee496aa62a8f392f57ee98ab1,29711,4407
20240815,2024,197,2A,"II. Autoridades y personal. - A. Nombramientos, situaciones e incidencias",7320,MINISTERIO DEL INTERIOR,Destinos,BOE-A-2024-16888,"Resolución de 7 de agosto de 2024, de la Subsecretaría, por la que se resuelve la convocatoria de libre designación, efectuada por Resolución de 8 de mayo de 2024.",https://www.boe.es/diario_boe/xml.php?id=BOE-A-2024-16888,https://www.boe.es/diario_boe/txt.php?id=BOE-A-2024-16888,https://www.boe.es/boe/dias/2024/08/15/pdfs/BOE-A-2024-16888.pdf,xml,726f177acf110d628481fea5c663961ffd42014b3456f875edb9f4dd8fc8d272,2127,310
20240815,2024,197,2B,II. Autoridades y personal. - B. Oposiciones y concursos,9525,ADMINISTRACIÓN LOCAL,Personal funcionario y laboral,BOE-A-2024-16902,"Resolución de 7 de agosto de 2024, de la Diputación Provincial de Lleida, Organismo Autónomo de Gestión y Recaudación de Tributos Locales, referente a la convocatoria para proveer varias plazas.",https://www.boe.es/diario_boe/xml.php?id=BOE-A-2024-16902,https://www.boe.es/diario_boe/txt.php?id=BOE-A-2024-16902,https://www.boe.es/boe/dias/2024/08/15/pdfs/BOE-A-2024-16902.pdf,xml,ef605ce9bf52cbd7dd4fb0d2d2289cb2be9f0323eab3d89534d542c77510fee6,1801,259
20240815,2024,197,2B,II. Autoridades y personal. - B. Oposiciones y concursos,9525,ADMINISTRACIÓN LOCAL,Personal funcionario y laboral,BOE-A-2024-16915,"Resolución de 8 de agosto de 2024, del Ayuntamiento de Almuñécar (Granada), referente a la convocatoria para proveer varias plazas.",https://www.boe.es/diario_boe/xml.php?id=BOE-A-2024-16915,https://www.boe.es/diario_boe/txt.php?id=BOE-A-2024-16915,https://www.boe.es/boe/dias/2024/08/15/pdfs/BOE-A-2024-16915.pdf,xml,2b729423403798970fda74c088c1dd99b4b491cbe47326a61acdee786da56125,930,145
20240815,2024,197,2B,II. Autoridades y personal. - B. Oposiciones y concursos,9525,ADMINISTRACIÓN LOCAL,Personal funcionario y laboral,BOE-A-2024-16922,"Resolución de 12 de agosto de 2024, del Ayuntamiento de Salvaleón (Badajoz), de corrección de errores de la de 2 de agosto de 2024, referente a la convocatoria para proveer una plaza.",https://www.boe.es/diario_boe/xml.php?id=BOE-A-2024-16922,https://www.boe.es/diario_boe/txt.php?id=BOE-A-2024-16922,https://www.boe.es/boe/dias/2024/08/15/pdfs/BOE-A-2024-16922.pdf,xml,06484d415f391474bd0dcbb4026a96e8adee6d615d52a82d01bb9101bda5ba80,1203,181
20240815,2024,197,3,III. Otras disposiciones,9575,MINISTERIO PARA LA TRANSICIÓN ECOLÓGICA Y EL RETO DEMOGRÁFICO,Instalaciones eléctricas,BOE-A-2024-16926,"Resolución de 24 de julio de 2024, de la Dirección General de Política Energética y Minas, por la que se otorga a Energías Renovables de Aeternitas, SL, autorización administrativa previa de las modificaciones y autorización administrativa de construcción para el parque eólico Concejo II, de 48,8 MW de potencia instalada, y su infraestructura de evacuación, en los términos municipales de Cantavieja y La Iglesuela del Cid (Teruel), y se declara, en concreto, su utilidad pública.",https://www.boe.es/diario_boe/xml.php?id=BOE-A-2024-16926,https://www.boe.es/diario_boe/txt.php?id=BOE-A-2024-16926,https://www.boe.es/boe/dias/2024/08/15/pdfs/BOE-A-2024-16926.pdf,xml,87d10edfa3697d324889d86ec8d595d6ba6907254a0db6dd82afccceb8dac1c7,34558,5141
20240815,2024,197,3,III. Otras disposiciones,1020,BANCO DE ESPAÑA,Mercado de divisas,BOE-A-2024-16935,"Resolución de 14 de agosto de 2024, del Banco de España, por la que se publican los cambios del euro correspondientes al día 14 de agosto de 2024, publicados por el Banco Central Europeo, que tendrán la consideración de cambios oficiales, de acuerdo con lo dispuesto en el artículo 36 de la Ley 46/1998, de 17 de diciembre, sobre la Introducción del Euro.",https://www.boe.es/diario_boe/xml.php?id=BOE-A-2024-16935,https://www.boe.es/diario_boe/txt.php?id=BOE-A-2024-16935,https://www.boe.es/boe/dias/2024/08/15/pdfs/BOE-A-2024-16935.pdf,xml,6316f71a7e1af1b19d74d308acfa8a2954c0ca0c287ee8c44da7ad43f6b39971,1160,112
20240815,2024,197,3,III. Otras disposiciones,9581,CONSEJO DE TRANSPARENCIA Y BUEN GOBIERNO,Ciudad de Ceuta. Convenio,BOE-A-2024-16937,"Resolución de 3 de julio de 2024, del Consejo de Transparencia y Buen Gobierno, A.A.I., por la que se publica la prórroga del Convenio con la Ciudad de Ceuta, para la resolución de las reclamaciones previstas en el artículo 24 de la Ley 19/2013, de 9 de diciembre, de transparencia, acceso a la información pública y buen gobierno.",https://www.boe.es/diario_boe/xml.php?id=BOE-A-2024-16937,https://www.boe.es/diario_boe/txt.php?id=BOE-A-2024-16937,https://www.boe.es/boe/dias/2024/08/15/pdfs/BOE-A-2024-16937.pdf,xml,ac2a8f5056ec9bf24a2b641c9d2d146cc5cbf268635890ae960a58da7d392f88,10604,1623
20241015,2024,249,1,I. Disposiciones generales,9562,"MINISTERIO DE ASUNTOS EXTERIORES, UNIÓN EUROPEA Y COOPERACIÓN",Tratados internacionales,BOE-A-2024-20998,"Resolución de 8 de octubre de 2024, de la Secretaría General Técnica, sobre aplicación del artículo 24.2 de la Ley 25/2014, de 27 de noviembre, de Tratados y otros Acuerdos Internacionales.",https://www.boe.es/diario_boe/xml.php?id=BOE-A-2024-20998,https://www.boe.es/diario_boe/txt.php?id=BOE-A-2024-20998,https://www.boe.es/boe/dias/2024/10/15/pdfs/BOE-A-2024-20998.pdf,xml,3714fc9ef36c72ecd8f920b882feb62277c09fb0e1ba26169719685ed69852c7,226860,31413
20241015,2024,249,1,I. Disposiciones generales,9590,"MINISTERIO DE EDUCACIÓN, FORMACIÓN PROFESIONAL Y DEPORTES",Formación profesional,BOE-A-2024-20999,"Real Decreto 919/2024, de 17 de septiembre, por el que se establece una cualificación profesional de la familia profesional Servicios Socioculturales y a la Comunidad, que se incluye en el Catálogo Nacional de Cualificaciones Profesionales, y se actualizan determinadas cualificaciones profesionales de las familias profesionales Hostelería y Turismo; y Transporte y Mantenimiento de Vehículos.",https://www.boe.es/diario_boe/xml.php?id=BOE-A-2024-20999,https://www.boe.es/diario_boe/txt.php?id=BOE-A-2024-20999,https://www.boe.es/boe/dias/2024/10/15/pdfs/BOE-A-2024-20999.pdf,xml,6e55392d251b7bb8982f9f94802125fc065d9238d99e76135bf5879b19a66684,1461817,205674
20241015,2024,249,2A,"II. Autoridades y personal. - A. Nombramientos, situaciones e incidencias",3120,"MINISTERIO DE AGRICULTURA, PESCA Y ALIMENTACIÓN",Destinos,BOE-A-2024-21004,"Resolución de 9 de octubre de 2024, de la Subsecretaría, por la que se resuelve la convocatoria de libre designación, efectuada por Resolución de 5 de septiembre de 2024.",https://www.boe.es/diario_boe/xml.php?id=BOE-A-2024-21004,https://www.boe.es/diario_boe/txt.php?id=BOE-A-2024-21004,https://www.boe.es/boe/dias/2024/10/15/pdfs/BOE-A-2024-21004.pdf,xml,18a96093b1095ea211222a628ca4e5d3abd4aacdd223458b3ef9af22779de2e4,3026,447
20241015,2024,249,2A,"II. Autoridades y personal. - A. Nombramientos, situaciones e incidencias",310,UNIVERSIDADES,Nombramientos,BOE-A-2024-21010,"Resolución de 3 de octubre de 2024, de la Universidad del País Vasco/Euskal Herriko Unibertsitatea, por la que se nombra Profesor Titular de Universidad a don Joanes Lizarraga Olano.",https://www.boe.es/diario_boe/xml.php?id=BOE-A-2024-21010,https://www.boe.es/diario_boe/txt.php?id=BOE-A-2024-21010,https://www.boe.es/boe/dias/2024/10/15/pdfs/BOE-A-2024-21010.pdf,xml,f9e229ffe6778fdf9f551e597f715e94419520f869a0400782587a271711b551,1273,184
20241015,2024,249,2A,"II. Autoridades y personal. - A. Nombramientos, situaciones e incidencias",310,UNIVERSIDADES,Nombramientos,BOE-A-2024-21014,"Resolución de 4 de octubre de 2024, de la Universitat de València, por la que se nombran Profesoras y Profesores Titulares de Universidad.",https://www.boe.es/diario_boe/xml.php?id=BOE-A-2024-21014,https://www.boe.es/diario_boe/txt.php?id=BOE-A-2024-21014,https://www.boe.es/boe/dias/2024/10/15/pdfs/BOE-A-2024-21014.pdf,xml,0d91226c3c8962fc074a84b5c1fef10694817800c1ff1f05c680a58bc820c1a7,3316,483
20241015,2024,249,2B,II. Autoridades y personal. - B. Oposiciones y concursos,9534,COMISIÓN NACIONAL DE LOS MERCADOS Y LA COMPETENCIA,Procedimientos de libre designación,BOE-A-2024-21027,"Resolución de 11 de octubre de 2024, de la Comisión Nacional de los Mercados y la Competencia, por la que se convoca la provisión de puesto de trabajo por el sistema de libre designación.",https://www.boe.es/diario_boe/xml.php?id=BOE-A-2024-21027,https://www.boe.es/diario_boe/txt.php?id=BOE-A-2024-21027,https://www.boe.es/boe/dias/2024/10/15/pdfs/BOE-A-2024-21027.pdf,xml,2c4e427b181e50d37e14d9fd67346dbe49b505004cce094a1fcf6b87f2014b08,4255,647
20241015,2024,249,2B,II. Autoridades y personal. - B. Oposiciones y concursos,9525,ADMINISTRACIÓN LOCAL,Personal funcionario,BOE-A-2024-21033,"Resolución de 3 de octubre de 2024, del Ayuntamiento de Pozuelo de Alarcón (Madrid), referente a la convocatoria para proveer puesto de trabajo por el sistema de libre designación.",https://www.boe.es/diario_boe/xml.php?id=BOE-A-2024-21033,https://www.boe.es/diario_boe/txt.php?id=BOE-A-2024-21033,https://www.boe.es/boe/dias/2024/10/15/pdfs/BOE-A-2024-21033.pdf,xml,5b1443312dda20eec2b24b3a566d46fadf91f7ef46f3cc8998f238db4f741afb,814,129
20241015,2024,249,2B,II. Autoridades y personal. - B. Oposiciones y concursos,9525,ADMINISTRACIÓN LOCAL,Personal funcionario y laboral,BOE-A-2024-21047,"Resolución de 3 de octubre de 2024, del Ayuntamiento de Valladolid, referente a la convocatoria para proveer varias plazas.",https://www.boe.es/diario_boe/xml.php?id=BOE-A-2024-21047,https://www.boe.es/diario_boe/txt.php?id=BOE-A-2024-21047,https://www.boe.es/boe/dias/2024/10/15/pdfs/BOE-A-2024-21047.pdf,xml,16659915fef7885e92b99cb9a3f8ea378dccd92a73f9d940cffc0db95d021be8,721,115
20241015,2024,249,3,III. Otras disposiciones,6110,MINISTERIO DE DEFENSA,Convenios,BOE-A-2024-21095,"Resolución 420/38407/2024, de 7 de octubre, de la Secretaría General Técnica, por la que se publica el Convenio con el Comité Español de Representantes de Personas con Discapacidad y la Fundación ONCE, para la cooperación e inclusión social de las personas con discapacidad.",https://www.boe.es/diario_boe/xml.php?id=BOE-A-2024-21095,https://www.boe.es/diario_boe/txt.php?id=BOE-A-2024-21095,https://www.boe.es/boe/dias/2024/10/15/pdfs/BOE-A-2024-21095.pdf,xml,8797a8842c79fe27522d0a4b829896cadd4ed2b6a3da30007e6c45d7ba5d334d,18475,2816
20241015,2024,249,3,III. Otras disposiciones,4335,MINISTERIO DE SANIDAD,Comunitat Valenciana. Convenio,BOE-A-2024-21114,"Resolución de 7 de octubre de 2024, de la Secretaría de Estado de Sanidad, por la que se publica el Convenio de encomienda de gestión con la Comunitat Valenciana, en materia de vacunación internacional.",https://www.boe.es/diario_boe/xml.php?id=BOE-A-2024-21114,https://www.boe.es/diario_boe/txt.php?id=BOE-A-2024-21114,https://www.boe.es/boe/dias/2024/10/15/pdfs/BOE-A-2024-21114.pdf,xml,06fc9dd0dee10b94da95bf8b84467da30848ddd6995b7f1986f9628b7cba6fb3,27648,3939
20241115,2024,276,1,I. Disposiciones generales,5140,MINISTERIO DE HACIENDA,Gastos públicos. Cierre del ejercicio,BOE-A-2024-23756,"Orden HAC/1274/2024, de 14 de noviembre, por la que se regulan las operaciones de cierre del ejercicio 2024 relativas al presupuesto de gastos y operaciones no presupuestarias.",https://www.boe.es/diario_boe/xml.php?id=BOE-A-2024-23756,https://www.boe.es/diario_boe/txt.php?id=BOE-A-2024-23756,https://www.boe.es/boe/dias/2024/11/15/pdfs/BOE-A-2024-23756.pdf,xml,63240545826ac35df86da0394592bb9975db3fc34f83150095529a221afbe29a,18340,2737
20241115,2024,276,1,I. Disposiciones generales,9589,"MINISTERIO DE ECONOMÍA, COMERCIO Y EMPRESA",Moneda metálica. Precios,BOE-A-2024-23758,"Resolución de 11 de noviembre de 2024, de la Dirección General del Tesoro y Política Financiera, por la que se revisan y se publican los precios de venta al público de monedas de colección.",https://www.boe.es/diario_boe/xml.php?id=BOE-A-2024-23758,https://www.boe.es/diario_boe/txt.php?id=BOE-A-2024-23758,https://www.boe.es/boe/dias/2024/11/15/pdfs/BOE-A-2024-23758.pdf,xml,3090641674a365f71e89ceb72b810b04d30ef764a2ba93cf11a0fffa44c7885b,10200,1547
20241115,2024,276,2A,"II. Autoridades y personal. - A. Nombramientos, situaciones e incidencias",9590,"MINISTERIO DE EDUCACIÓN, FORMACIÓN PROFESIONAL Y DEPORTES",Nombramientos,BOE-A-2024-23764,"Orden EFD/1276/2024, de 11 de noviembre, por la que, a propuesta de la Consejería de Educación y Universidades, de la Comunidad Autónoma de las Illes Balears, se nombra personal funcionario de carrera de los Cuerpos de Profesores de Enseñanza Secundaria, Profesores de Escuelas Oficiales de Idiomas, Profesores de Música y Artes Escénicas y Maestros, a las personas seleccionadas en las pruebas selectivas convocadas por Resolución de 1 de febrero de 2023.",https://www.boe.es/diario_boe/xml.php?id=BOE-A-2024-23764,https://www.boe.es/diario_boe/txt.php?id=BOE-A-2024-23764,https://www.boe.es/boe/dias/2024/11/15/pdfs/BOE-A-2024-23764.pdf,xml,7121f7f05b6258d6a7ff1692d1ff140480d0e1c7b317a06221778ec9edd00a3b,25682,2098
20241115,2024,276,2A,"II. Autoridades y personal. - A. Nombramientos, situaciones e incidencias",9595,MINISTERIO PARA LA TRANSFORMACIÓN DIGITAL Y DE LA FUNCIÓN PÚBLICA,Nombramientos,BOE-A-2024-23768,"Resolución de 7 de noviembre de 2024, de la Secretaría de Estado de Función Pública, por la que se nombra personal funcionario de carrera, por el sistema general de acceso libre y promoción interna, de la Escala de Titulados Superiores de Organismos Autónomos del Ministerio de Industria y Turismo, especialidad de Metrología.",https://www.boe.es/diario_boe/xml.php?id=BOE-A-2024-23768,https://www.boe.es/diario_boe/txt.php?id=BOE-A-2024-23768,https://www.boe.es/boe/dias/2024/11/15/pdfs/BOE-A-2024-23768.pdf,xml,b084efafbd5355ce084dac62edcbd831e429d131c384df6b6a8d74f137ad1adf,6912,1001
20241115,2024,276,2A,"II. Autoridades y personal. - A. Nombramientos, situaciones e incidencias",310,UNIVERSIDADES,Nombramientos,BOE-A-2024-23775,"Resolución de 4 de noviembre de 2024, de la Universidad Complutense de Madrid, por la que se nombran Profesoras Titulares de Universidad.",https://www.boe.es/diario_boe/xml.php?id=BOE-A-2024-23775,https://www.boe.es/diario_boe/txt.php?id=BOE-A-2024-23775,https://www.boe.es/boe/dias/2024/11/15/pdfs/BOE-A-2024-23775.pdf,xml,c012171f28fb6663e2b7d71cb550ab1ad4314fc7ad9df2e3f06f1960b153721e,2188,317
20241115,2024,276,2B,II. Autoridades y personal. - B. Oposiciones y concursos,9525,ADMINISTRACIÓN LOCAL,Personal funcionario,BOE-A-2024-23797,"Resolución de 5 de noviembre de 2024, del Ayuntamiento de Alcobendas (Madrid), referente a la convocatoria para proveer puesto de trabajo por el sistema de libre designación.",https://www.boe.es/diario_boe/xml.php?id=BOE-A-2024-23797,https://www.boe.es/diario_boe/txt.php?id=BOE-A-2024-23797,https://www.boe.es/boe/dias/2024/11/15/pdfs/BOE-A-2024-23797.pdf,xml,6ee023f200de8c20e0af346a186752293dedc242baa29851939d372473650f28,741,112
20241115,2024,276,2B,II. Autoridades y personal. - B. Oposiciones y concursos,9525,ADMINISTRACIÓN LOCAL,Personal funcionario y laboral,BOE-A-2024-23815,"Resolución de 7 de noviembre de 2024, del Consejo Comarcal del Alt Urgell (Lleida), referente a la convocatoria para proveer una plaza.",https://www.boe.es/diario_boe/xml.php?id=BOE-A-2024-23815,https://www.boe.es/diario_boe/txt.php?id=BOE-A-2024-23815,https://www.boe.es/boe/dias/2024/11/15/pdfs/BOE-A-2024-23815.pdf,xml,6a81fcd9b714a08644b49a614e0ee5df169d98857f68dfb899ec236831177d5c,740,119
20241115,2024,276,3,III. Otras disposiciones,9585,"MINISTERIO DE LA PRESIDENCIA, JUSTICIA Y RELACIONES CON LAS CORTES",Títulos nobiliarios,BOE-A-2024-23846,"Orden PJC/1280/2024, de 6 de noviembre, por la que se manda expedir, sin perjuicio de tercero de mejor derecho, Real Carta de Sucesión como Marqués de Coscojuela, con Grandeza de España, a favor de don Héctor Álvaro de Llanza y Ortiz.",https://www.boe.es/diario_boe/xml.php?id=BOE-A-2024-23846,https://www.boe.es/diario_boe/txt.php?id=BOE-A-2024-23846,https://www.boe.es/boe/dias/2024/11/15/pdfs/BOE-A-2024-23846.pdf,xml,3b40e13f2bfb6d06e94603526a0abddd8700bc679f6a22f583e650c4a401ac86,572,97
20241115,2024,276,3,III. Otras disposiciones,9588,"MINISTERIO DE DERECHOS SOCIALES, CONSUMO Y AGENDA 2030",Comunidad Autónoma de Cataluña. Convenio,BOE-A-2024-23858,"Resolución de 7 de noviembre de 2024, de la Agencia Española de Seguridad Alimentaria y Nutrición, O.A., por la que se publica la Adenda de modificación y prórroga al Convenio con el Instituto de Investigación y Tecnología Agroalimentarias, por el que se instrumenta una encomienda de gestión para la colaboración en el marco del asesoramiento científico sobre bienestar animal.",https://www.boe.es/diario_boe/xml.php?id=BOE-A-2024-23858,https://www.boe.es/diario_boe/txt.php?id=BOE-A-2024-23858,https://www.boe.es/boe/dias/2024/11/15/pdfs/BOE-A-2024-23858.pdf,xml,0cc3289356a01ec6a934aeb30260c46fcfe75533a854f4e7fa1835553bf84f70,12890,1946
20250115,2025,13,1,I. Disposiciones generales,9589,"MINISTERIO DE ECONOMÍA, COMERCIO Y EMPRESA",Deuda del Estado,BOE-A-2025-588,"Orden ECM/3/2025, de 14 de enero, por la que se dispone la creación de Deuda del Estado durante el año 2025 y enero de 2026.",https://www.boe.es/diario_boe/xml.php?id=BOE-A-2025-588,https://www.boe.es/diario_boe/txt.php?id=BOE-A-2025-588,https://www.boe.es/boe/dias/2025/01/15/pdfs/BOE-A-2025-588.pdf,xml,95072c2476e590583dd29e455ffadebbb985e18bcb034a7c1a3775503d28dc9f,61881,9798
20250115,2025,13,1,I. Disposiciones generales,9589,"MINISTERIO DE ECONOMÍA, COMERCIO Y EMPRESA",Moneda metálica. Acuñación,BOE-A-2025-589,"Orden ECM/4/2025, de 14 de enero, por la que se acuerda la emisión, acuñación y puesta en circulación de monedas de colección «Equipo Olímpico Español 2026».",https://www.boe.es/diario_boe/xml.php?id=BOE-A-2025-589,https://www.boe.es/diario_boe/txt.php?id=BOE-A-2025-589,https://www.boe.es/boe/dias/2025/01/15/pdfs/BOE-A-2025-589.pdf,xml,07f42bee04eb3def11004c26705bafd8de2db4259cd8f728b6baaff90ab384a6,7270,1128
20250115,2025,13,1,I. Disposiciones generales,8090,COMUNIDAD AUTÓNOMA DE GALICIA,Cultura,BOE-A-2025-590,"Ley 3/2024, de 5 de diciembre, de cultura inclusiva y accesible de Galicia.",https://www.boe.es/diario_boe/xml.php?id=BOE-A-2025-590,https://www.boe.es/diario_boe/txt.php?id=BOE-A-2025-590,https://www.boe.es/boe/dias/2025/01/15/pdfs/BOE-A-2025-590.pdf,xml,3f7bf153166870a0a4ee36971343d191deaf3941542763fbab59eb0e18f3776d,39824,6052
20250115,2025,13,2A,"II. Autoridades y personal. - A. Nombramientos, situaciones e incidencias",9585,"MINISTERIO DE LA PRESIDENCIA, JUSTICIA Y RELACIONES CON LAS CORTES",Nombramientos,BOE-A-2025-600,"Real Decreto 19/2025, de 14 de enero, por el que se nombra Fiscal de la Fiscalía del Tribunal Supremo (Sección Penal) a don Antoni Pelegrín López.",https://www.boe.es/diario_boe/xml.php?id=BOE-A-2025-600,https://www.boe.es/diario_boe/txt.php?id=BOE-A-2025-600,https://www.boe.es/boe/dias/2025/01/15/pdfs/BOE-A-2025-600.pdf,xml,9e7947745eb5ad29ae88c9577106cac073a2763ed84a9fbd8273e723f9c36cb6,771,123
20250115,2025,13,2A,"II. Autoridades y personal. - A. Nombramientos, situaciones e incidencias",9585,"MINISTERIO DE LA PRESIDENCIA, JUSTICIA Y RELACIONES CON LAS CORTES",Nombramientos,BOE-A-2025-602,"Real Decreto 21/2025, de 14 de enero, por el que se nombra Inspectora Fiscal de la Inspección Fiscal de la Fiscalía General del Estado a doña Marta Marquina Bertrán.",https://www.boe.es/diario_boe/xml.php?id=BOE-A-2025-602,https://www.boe.es/diario_boe/txt.php?id=BOE-A-2025-602,https://www.boe.es/boe/dias/2025/01/15/pdfs/BOE-A-2025-602.pdf,xml,0dda35013466214791dca00f1bf6bc2ca9073940c78b6052da48901c32259efe,799,127
20250115,2025,13,2A,"II. Autoridades y personal. - A. Nombramientos, situaciones e incidencias",9587,MINISTERIO DE VIVIENDA Y AGENDA URBANA,Destinos,BOE-A-2025-613,"Resolución de 7 de enero de 2025, de la Subsecretaría, por la que se resuelve la convocatoria de libre designación, efectuada por Resolución de 30 de octubre de 2024.",https://www.boe.es/diario_boe/xml.php?id=BOE-A-2025-613,https://www.boe.es/diario_boe/txt.php?id=BOE-A-2025-613,https://www.boe.es/boe/dias/2025/01/15/pdfs/BOE-A-2025-613.pdf,xml,c8a0c9f32e7a5c2c62a4d96d762f452ab740e7c9f82c42539b5f491ad77c556f,2784,421
20250115,2025,13,2B,II. Autoridades y personal. - B. Oposiciones y concursos,9525,ADMINISTRACIÓN LOCAL,Personal funcionario,BOE-A-2025-629,"Resolución de 8 de enero de 2025, de la Diputación Provincial de Ávila, referente a la convocatoria para proveer puesto de trabajo por el sistema de libre designación.",https://www.boe.es/diario_boe/xml.php?id=BOE-A-2025-629,https://www.boe.es/diario_boe/txt.php?id=BOE-A-2025-629,https://www.boe.es/boe/dias/2025/01/15/pdfs/BOE-A-2025-629.pdf,xml,9be1108295d1cf0f9527ed9e48f60376e014650bda8123dee02e44e1fadbc29e,836,128
20250115,2025,13,2B,II. Autoridades y personal. - B. Oposiciones y concursos,9525,ADMINISTRACIÓN LOCAL,Personal funcionario y laboral,BOE-A-2025-631,"Resolución de 9 de enero de 2025, del Ayuntamiento de Torrijos (Toledo), que deja parcialmente sin efecto la de 24 de enero de 2023, referente a la convocatoria para proveer varias plazas.",https://www.boe.es/diario_boe/xml.php?id=BOE-A-2025-631,https://www.boe.es/diario_boe/txt.php?id=BOE-A-2025-631,https://www.boe.es/boe/dias/2025/01/15/pdfs/BOE-A-2025-631.pdf,xml,87386699f222ba47614b94b09f086d3ea217159cbf3077ae32d0d6f7b2a306c5,388,58
20250115,2025,13,3,III. Otras disposiciones,9586,MINISTERIO DE TRANSPORTES Y MOVILIDAD SOSTENIBLE,Servicios portuarios,BOE-A-2025-636,"Resolución de 28 de noviembre de 2024, de la Autoridad Portuaria de Alicante, por la que se publica la aprobación del Pliego de prescripciones particulares del servicio portuario al pasaje para el tráfico de cruceros turísticos en el Puerto de Alicante.",https://www.boe.es/diario_boe/xml.php?id=BOE-A-2025-636,https://www.boe.es/diario_boe/txt.php?id=BOE-A-2025-636,https://www.boe.es/boe/dias/2025/01/15/pdfs/BOE-A-2025-636.pdf,xml,836d483994076e5f2371093502bc98602217de3926443fc85b52a3a8dccd0616,129841,19711
20250115,2025,13,3,III. Otras disposiciones,9565,"MINISTERIO DE CIENCIA, INNOVACIÓN Y UNIVERSIDADES",Comunidad de Madrid. Convenio,BOE-A-2025-638,"Resolución de 30 de diciembre de 2024, de la Secretaría de Estado de Ciencia, Innovación y Universidades, por la que se publica el Convenio con la Comunidad de Madrid y la Universidad Autónoma de Madrid, por el que se crea el Consorcio Centro Nacional de Neurotecnología con el fin de promover la integración de la neurociencia y las tecnologías digitales, «Plan de Recuperación, Transformación y Resiliencia -financiado por la Unión Europea- Next Generation EU».",https://www.boe.es/diario_boe/xml.php?id=BOE-A-2025-638,https://www.boe.es/diario_boe/txt.php?id=BOE-A-2025-638,https://www.boe.es/boe/dias/2025/01/15/pdfs/BOE-A-2025-638.pdf,xml,738c78028683e13b84487f3497135e1d13172fc7b233939978a2a8c74aa8ece9,130688,19230
20250215,2025,40,1,I. Disposiciones generales,1220,CORTES GENERALES,Medidas urgentes,BOE-A-2025-2867,"Resolución de 12 de febrero de 2025, del Congreso de los Diputados, por la que se ordena la publicación del Acuerdo de convalidación del Real Decreto-ley 1/2025, de 28 de enero, por el que se aprueban medidas urgentes en materia económica, de transporte, de Seguridad Social, y para hacer frente a situaciones de vulnerabilidad.",https://www.boe.es/diario_boe/xml.php?id=BOE-A-2025-2867,https://www.boe.es/diario_boe/txt.php?id=BOE-A-2025-2867,https://www.boe.es/boe/dias/2025/02/15/pdfs/BOE-A-2025-2867.pdf,xml,9e7123ac28b0153cb1f07f4e95411c16a92fc9c3ac2f323fb0ea4df5413588a7,556,85
20250215,2025,40,1,I. Disposiciones generales,5140,MINISTERIO DE HACIENDA,Tabaco. Precios,BOE-A-2025-2869,"Resolución de 14 de febrero de 2025, de la Presidencia del Comisionado para el Mercado de Tabacos, por la que se publican los precios de venta al público de determinadas labores de tabaco en Expendedurías de Tabaco y Timbre del área del Monopolio.",https://www.boe.es/diario_boe/xml.php?id=BOE-A-2025-2869,https://www.boe.es/diario_boe/txt.php?id=BOE-A-2025-2869,https://www.boe.es/boe/dias/2025/02/15/pdfs/BOE-A-2025-2869.pdf,xml,cffcad3d29a0993767af57932224f0d5a6678628a1b46a99944a89a045060d07,6994,848
20250215,2025,40,1,I. Disposiciones generales,9595,MINISTERIO PARA LA TRANSFORMACIÓN DIGITAL Y DE LA FUNCIÓN PÚBLICA,Telecomunicaciones,BOE-A-2025-2870,"Orden TDF/149/2025, de 12 de febrero, por la que se establecen medidas para combatir las estafas de suplantación de identidad a través de llamadas telefónicas y mensajes de texto fraudulentos y para garantizar la identificación de la numeración utilizada para la prestación de servicios de atención al cliente y realización de llamadas comerciales no solicitadas.",https://www.boe.es/diario_boe/xml.php?id=BOE-A-2025-2870,https://www.boe.es/diario_boe/txt.php?id=BOE-A-2025-2870,https://www.boe.es/boe/dias/2025/02/15/pdfs/BOE-A-2025-2870.pdf,xml,e03bff6785176bf6d357ad375d35be9982baaad25e25e5727dd7731adf09831d,29985,4526
20250215,2025,40,2A,"II. Autoridades y personal. - A. Nombramientos, situaciones e incidencias",1820,CONSEJO GENERAL DEL PODER JUDICIAL,Situaciones,BOE-A-2025-2872,"Acuerdo de 9 de octubre de 2024, del Pleno del Consejo General del Poder Judicial, por el que se declara la jubilación voluntaria de la Magistrada doña María Teresa Oliete Nicolás.",https://www.boe.es/diario_boe/xml.php?id=BOE-A-2025-2872,https://www.boe.es/diario_boe/txt.php?id=BOE-A-2025-2872,https://www.boe.es/boe/dias/2025/02/15/pdfs/BOE-A-2025-2872.pdf,xml,909a5159cb5c756fd332b3bd6d8287a2a94cd145d4406d48262722977a65f015,746,121
20250215,2025,40,2A,"II. Autoridades y personal. - A. Nombramientos, situaciones e incidencias",9585,"MINISTERIO DE LA PRESIDENCIA, JUSTICIA Y RELACIONES CON LAS CORTES",Destinos,BOE-A-2025-2873,"Resolución de 11 de febrero de 2025, de la Subsecretaría, por la que se resuelve la convocatoria de libre designación, efectuada por Resolución de 9 de diciembre de 2024.",https://www.boe.es/diario_boe/xml.php?id=BOE-A-2025-2873,https://www.boe.es/diario_boe/txt.php?id=BOE-A-2025-2873,https://www.boe.es/boe/dias/2025/02/15/pdfs/BOE-A-2025-2873.pdf,xml,90ba657033e76cae7e9eaf16865d8fd4a09cde6c7ccdff6c865dccc4c46e1c6a,3341,476
20250215,2025,40,2A,"II. Autoridades y personal. - A. Nombramientos, situaciones e incidencias",310,UNIVERSIDADES,Nombramientos,BOE-A-2025-2875,"Resolución de 3 de febrero de 2025, de la Universidad de Valladolid, por la que se nombran Catedráticos de Universidad.",https://www.boe.es/diario_boe/xml.php?id=BOE-A-2025-2875,https://www.boe.es/diario_boe/txt.php?id=BOE-A-2025-2875,https://www.boe.es/boe/dias/2025/02/15/pdfs/BOE-A-2025-2875.pdf,xml,113d4454d0ca078d5b5f2a66e02a1d3c3ea2d5c55fc890f683ca7f931345594b,2405,351
20250215,2025,40,2B,II. Autoridades y personal. - B. Oposiciones y concursos,9525,ADMINISTRACIÓN LOCAL,Personal funcionario,BOE-A-2025-2900,"Resolución de 7 de febrero de 2025, de la Diputación Provincial de Badajoz, referente a la convocatoria para proveer puesto de trabajo por el sistema de libre designación.",https://www.boe.es/diario_boe/xml.php?id=BOE-A-2025-2900,https://www.boe.es/diario_boe/txt.php?id=BOE-A-2025-2900,https://www.boe.es/boe/dias/2025/02/15/pdfs/BOE-A-2025-2900.pdf,xml,d868173abd22793bd94ca93e97e33f022fd47b2d86724f64023c8fad0a38a30c,813,125
20250215,2025,40,2B,II. Autoridades y personal. - B. Oposiciones y concursos,9525,ADMINISTRACIÓN LOCAL,Personal funcionario y laboral,BOE-A-2025-2917,"Resolución de 6 de febrero de 2025, del Cabildo Insular de Fuerteventura (Las Palmas), referente a la convocatoria para proveer una plaza.",https://www.boe.es/diario_boe/xml.php?id=BOE-A-2025-2917,https://www.boe.es/diario_boe/txt.php?id=BOE-A-2025-2917,https://www.boe.es/boe/dias/2025/02/15/pdfs/BOE-A-2025-2917.pdf,xml,c524db0abf1e8dc5e0e108c82fb0fd393909d1c15bc563d86bf3e80472a40ffe,814,128
20250215,2025,40,3,III. Otras disposiciones,9585,"MINISTERIO DE LA PRESIDENCIA, JUSTICIA Y RELACIONES CON LAS CORTES",Convenios,BOE-A-2025-2939,"Resolución de 10 de febrero de 2025, de la Subsecretaría, por la que se publica el Convenio de asistencia jurídica entre la Abogacía General del Estado y Puerto Seco de Madrid, SA, S.M.E.",https://www.boe.es/diario_boe/xml.php?id=BOE-A-2025-2939,https://www.boe.es/diario_boe/txt.php?id=BOE-A-2025-2939,https://www.boe.es/boe/dias/2025/02/15/pdfs/BOE-A-2025-2939.pdf,xml,300ca2c403789f62df5e976a276909d476a1dd34093adf4e6cfe87cb928eef27,13844,2131
20250215,2025,40,3,III. Otras disposiciones,7320,MINISTERIO DEL INTERIOR,Convenios,BOE-A-2025-2955,"Resolución de 10 de febrero de 2025, de la Secretaría General Técnica, por la que se publica el Convenio entre la Secretaría de Estado de Seguridad y el Ayuntamiento de El Tiemblo, para la incorporación del Cuerpo de Policía Local al Sistema de Seguimiento Integral de los casos de Violencia de Género.",https://www.boe.es/diario_boe/xml.php?id=BOE-A-2025-2955,https://www.boe.es/diario_boe/txt.php?id=BOE-A-2025-2955,https://www.boe.es/boe/dias/2025/02/15/pdfs/BOE-A-2025-2955.pdf,xml,7e95ba27e9808ffd64b34bec0e91461ab5cd3f2e6a3a32adc13e6453458639e6,20857,3155
20250415,2025,91,1,I. Disposiciones generales,9590,"MINISTERIO DE EDUCACIÓN, FORMACIÓN PROFESIONAL Y DEPORTES",Formación profesional,BOE-A-2025-7588,"Real Decreto 210/2025, de 18 de marzo, por el que se regulan aspectos específicos de los grados A, B y C de Formación Profesional para las familias profesionales Edificación y Obra Civil; Electricidad y Electrónica; Energía y Agua; e Industrias Extractivas.",https://www.boe.es/diario_boe/xml.php?id=BOE-A-2025-7588,https://www.boe.es/diario_boe/txt.php?id=BOE-A-2025-7588,https://www.boe.es/boe/dias/2025/04/15/pdfs/BOE-A-2025-7588.pdf,xml,0ef2f2c98b1d69e2af90778244afead40d8ded399b61e96846a53d2c0ce854e1,688479,92988
20250415,2025,91,1,I. Disposiciones generales,8070,COMUNIDAD AUTÓNOMA DE CATALUÑA,Circulación. Medidas especiales,BOE-A-2025-7591,"Resolución ISP/1218/2025, de 1 de abril, de modificación de la Resolución ISP/430/2025, de 11 de febrero, por la que se establecen las restricciones a la circulación durante el año 2025",https://www.boe.es/diario_boe/xml.php?id=BOE-A-2025-7591,https://www.boe.es/diario_boe/txt.php?id=BOE-A-2025-7591,https://www.boe.es/boe/dias/2025/04/15/pdfs/BOE-A-2025-7591.pdf,xml,36181d39eef9510d3f30ae348ec7b7b2f4dc30dfbc3b78d92ed22ea77bcd2620,2236,341
20250415,2025,91,1,I. Disposiciones generales,8030,COMUNIDAD AUTÓNOMA DE CANARIAS,Medidas urgentes,BOE-A-2025-7592,"Decreto-ley 1/2025, de 3 de febrero, por el que se modifican determinadas medidas autonómicas en el Impuesto sobre la Renta de las Personas Físicas y la bonificación extraordinaria y temporal del precio final de determinados combustibles derivados del refino del petróleo para el periodo desde el día 1 de febrero de 2025 hasta el 31 de diciembre de 2025, y se determina la aplicación del tipo cero en el Impuesto General Indirecto Canario para la recuperación de diversas actividades en la isla de La Palma.",https://www.boe.es/diario_boe/xml.php?id=BOE-A-2025-7592,https://www.boe.es/diario_boe/txt.php?id=BOE-A-2025-7592,https://www.boe.es/boe/dias/2025/04/15/pdfs/BOE-A-2025-7592.pdf,xml,416906983ade517b6b9a767d6610aa8635a6ae62a359c3fd2a41cbf2e9dd6697,38952,6043
20250415,2025,91,2A,"II. Autoridades y personal. - A. Nombramientos, situaciones e incidencias",7320,MINISTERIO DEL INTERIOR,Nombramientos,BOE-A-2025-7598,"Resolución de 31 de marzo de 2025, de la Secretaría de Estado de Seguridad, por la que se asciende y nombra en la Escala Ejecutiva, segunda categoría, al Subinspector don Francisco Javier Pajuelo Paredes, que ha superado el proceso selectivo reglamentariamente establecido.",https://www.boe.es/diario_boe/xml.php?id=BOE-A-2025-7598,https://www.boe.es/diario_boe/txt.php?id=BOE-A-2025-7598,https://www.boe.es/boe/dias/2025/04/15/pdfs/BOE-A-2025-7598.pdf,xml,a14a5517fc5a566f3610b1ee226f63e822ca1f9a48bf74081234de22d4657896,4019,615
20250415,2025,91,2A,"II. Autoridades y personal. - A. Nombramientos, situaciones e incidencias",9575,MINISTERIO PARA LA TRANSICIÓN ECOLÓGICA Y EL RETO DEMOGRÁFICO,Ceses y nombramientos,BOE-A-2025-7601,"Orden TED/358/2025, de 19 de marzo, por la que se dispone el cese y el nombramiento de vocal de la Junta Directiva de la Corporación de Reservas Estratégicas de Productos Petrolíferos.",https://www.boe.es/diario_boe/xml.php?id=BOE-A-2025-7601,https://www.boe.es/diario_boe/txt.php?id=BOE-A-2025-7601,https://www.boe.es/boe/dias/2025/04/15/pdfs/BOE-A-2025-7601.pdf,xml,633dda7c04c3008d69d4eafb23adf422fc2264cb14d10859b38493141b8f9fef,925,144
20250415,2025,91,2A,"II. Autoridades y personal. - A. Nombramientos, situaciones e incidencias",9595,MINISTERIO PARA LA TRANSFORMACIÓN DIGITAL Y DE LA FUNCIÓN PÚBLICA,Destinos,BOE-A-2025-7604,"Resolución de 8 de abril de 2025, de la Dirección General de la Función Pública, por la que se publica la adjudicación de puesto de trabajo reservado al personal funcionario de administración local con habilitación de carácter nacional, por el sistema de libre designación.",https://www.boe.es/diario_boe/xml.php?id=BOE-A-2025-7604,https://www.boe.es/diario_boe/txt.php?id=BOE-A-2025-7604,https://www.boe.es/boe/dias/2025/04/15/pdfs/BOE-A-2025-7604.pdf,xml,57c3bcdbba65a99067768d19ab28338bade8c0bc70b6aefda2a3c3a4131e5adb,2613,393
20250415,2025,91,2B,II. Autoridades y personal. - B. Oposiciones y concursos,9525,ADMINISTRACIÓN LOCAL,Personal funcionario,BOE-A-2025-7616,"Resolución de 3 de abril de 2025, del Ayuntamiento de Villena (Alicante/Alacant), referente a la convocatoria para proveer puesto de trabajo por el sistema de libre designación.",https://www.boe.es/diario_boe/xml.php?id=BOE-A-2025-7616,https://www.boe.es/diario_boe/txt.php?id=BOE-A-2025-7616,https://www.boe.es/boe/dias/2025/04/15/pdfs/BOE-A-2025-7616.pdf,xml,1cbc827171ffa2667841a5d27aac441fb7405fa4cf06750a912b5dbc45a8d0fb,765,122
20250415,2025,91,2B,II. Autoridades y personal. - B. Oposiciones y concursos,310,UNIVERSIDADES,"Personal técnico, de gestión y de administración y servicios",BOE-A-2025-7626,"Resolución de 8 de abril de 2025, de la Universidad de Zaragoza, por la que se convoca proceso selectivo para ingreso, por el sistema general de acceso libre y promoción interna, en la Escala de Técnicos Especialistas de Laboratorio y Talleres.",https://www.boe.es/diario_boe/xml.php?id=BOE-A-2025-7626,https://www.boe.es/diario_boe/txt.php?id=BOE-A-2025-7626,https://www.boe.es/boe/dias/2025/04/15/pdfs/BOE-A-2025-7626.pdf,xml,04bc7565436a940b78121ef4a35cd8827d052d1fa263d9d2dbd955937dc63055,54810,7960
20250415,2025,91,3,III. Otras disposiciones,9585,"MINISTERIO DE LA PRESIDENCIA, JUSTICIA Y RELACIONES CON LAS CORTES",Bienes muebles. Financiación,BOE-A-2025-7631,"Resolución de 2 de abril de 2025, de la Dirección General de Seguridad Jurídica y Fe Pública, por la que se aprueba el modelo de contrato de compraventa y arrendamiento a largo plazo de bienes muebles, con letras de identificación CRENT-SRI, y sus anexos, para ser utilizado por Crede Rent, SL.",https://www.boe.es/diario_boe/xml.php?id=BOE-A-2025-7631,https://www.boe.es/diario_boe/txt.php?id=BOE-A-2025-7631,https://www.boe.es/boe/dias/2025/04/15/pdfs/BOE-A-2025-7631.pdf,xml,145c7136d5fcf171b9d14ec6e3d4adce4c5ec98d3b36c31ebb9f00d94c49f17b,1628,238
20250415,2025,91,3,III. Otras disposiciones,9565,"MINISTERIO DE CIENCIA, INNOVACIÓN Y UNIVERSIDADES",Convenios,BOE-A-2025-7655,"Resolución de 7 de abril de 2025, de la Presidencia de la Agencia Estatal Consejo Superior de Investigaciones Científicas, M.P., por la que se publica el Convenio entre el Centro de Investigación de Enfermedades Neurológicas, F.S.P. y entidades participantes en el proyecto «PMP-Degesco: Validation of a precision medicine tool based on online cognitive evaluation, genetic risk stratification and bloodbased biomarkers for the identification of preclinical alzheimer's disease», en el marco del Mecanismo de Recuperación y Resiliencia, financiado por Next Generation EU y el Instituto de Salud Carlos III.",https://www.boe.es/diario_boe/xml.php?id=BOE-A-2025-7655,https://www.boe.es/diario_boe/txt.php?id=BOE-A-2025-7655,https://www.boe.es/boe/dias/2025/04/15/pdfs/BOE-A-2025-7655.pdf,xml,1da8dbd2fddf397c90884227d7fcbf821cbe70407afa7538c57fbe15aea623ce,80173,11880
20250515,2025,117,1,I. Disposiciones generales,9590,"MINISTERIO DE EDUCACIÓN, FORMACIÓN PROFESIONAL Y DEPORTES",Programas educativos,BOE-A-2025-9479,"Corrección de errores de la Orden EFD/401/2025, de 24 de abril, por la que se modifica la Orden ECD/1767/2012, de 3 de agosto, por la que se regula la expedición del título de Bachiller correspondiente a las enseñanzas reguladas por la Ley Orgánica 2/2006, de 3 de mayo, de Educación, para el alumnado inscrito en los programas de secciones internacionales españolas y «Bachibac» en liceos franceses.",https://www.boe.es/diario_boe/xml.php?id=BOE-A-2025-9479,https://www.boe.es/diario_boe/txt.php?id=BOE-A-2025-9479,https://www.boe.es/boe/dias/2025/05/15/pdfs/BOE-A-2025-9479.pdf,xml,8fc4cad4128ab68e067384db191749126896af26f556b6bce22457f006efa7e0,646,95
20250515,2025,117,1,I. Disposiciones generales,9534,COMISIÓN NACIONAL DE LOS MERCADOS Y LA COMPETENCIA,Gas natural,BOE-A-2025-9480,"Resolución de 23 de abril de 2025, de la Comisión Nacional de los Mercados y la Competencia, por la que se corrigen errores en la Circular 2/2025, de 9 de abril, por la que se establece la metodología y condiciones de acceso y asignación de capacidad en el sistema de gas natural.",https://www.boe.es/diario_boe/xml.php?id=BOE-A-2025-9480,https://www.boe.es/diario_boe/txt.php?id=BOE-A-2025-9480,https://www.boe.es/boe/dias/2025/05/15/pdfs/BOE-A-2025-9480.pdf,xml,bb540258a4121796065d586d58bbf93529cd4a9756ee1a912b33556c59cd16f8,2226,340
20250515,2025,117,2A,"II. Autoridades y personal. - A. Nombramientos, situaciones e incidencias",9585,"MINISTERIO DE LA PRESIDENCIA, JUSTICIA Y RELACIONES CON LAS CORTES",Destinos,BOE-A-2025-9483,"Resolución de 7 de mayo de 2025, de la Subsecretaría, por la que se resuelve parcialmente la convocatoria de libre designación, efectuada por Resolución de 18 de marzo de 2025.",https://www.boe.es/diario_boe/xml.php?id=BOE-A-2025-9483,https://www.boe.es/diario_boe/txt.php?id=BOE-A-2025-9483,https://www.boe.es/boe/dias/2025/05/15/pdfs/BOE-A-2025-9483.pdf,xml,2157b388f92a204c183dc3aab1db5506a2b11f38befa47ede32bbd6121a7655b,2680,398
20250515,2025,117,2A,"II. Autoridades y personal. - A. Nombramientos, situaciones e incidencias",310,UNIVERSIDADES,Nombramientos,BOE-A-2025-9503,"Resolución de 6 de mayo de 2025, de la Universidad de Zaragoza, por la que se nombra Profesor Titular de Universidad, con plaza vinculada, a don Ignacio Hernández García.",https://www.boe.es/diario_boe/xml.php?id=BOE-A-2025-9503,https://www.boe.es/diario_boe/txt.php?id=BOE-A-2025-9503,https://www.boe.es/boe/dias/2025/05/15/pdfs/BOE-A-2025-9503.pdf,xml,eb07738e3f848356498951ce12bc9bfbc56a859e441708c98f2459a61a9ef7e4,3179,478
20250515,2025,117,2B,II. Autoridades y personal. - B. Oposiciones y concursos,9525,ADMINISTRACIÓN LOCAL,Personal funcionario,BOE-A-2025-9521,"Resolución de 6 de mayo de 2025, del Ayuntamiento de Avilés (Asturias), referente a la convocatoria para proveer puesto de trabajo por el sistema de libre designación.",https://www.boe.es/diario_boe/xml.php?id=BOE-A-2025-9521,https://www.boe.es/diario_boe/txt.php?id=BOE-A-2025-9521,https://www.boe.es/boe/dias/2025/05/15/pdfs/BOE-A-2025-9521.pdf,xml,ee2e879125141b07e59d4430ecf576a55241f98e6d691b965c0f761210054f37,715,112
20250515,2025,117,2B,II. Autoridades y personal. - B. Oposiciones y concursos,9525,ADMINISTRACIÓN LOCAL,Personal funcionario y laboral,BOE-A-2025-9540,"Resolución de 5 de mayo de 2025, del Ayuntamiento de Chantada (Lugo), referente a la convocatoria para proveer varias plazas.",https://www.boe.es/diario_boe/xml.php?id=BOE-A-2025-9540,https://www.boe.es/diario_boe/txt.php?id=BOE-A-2025-9540,https://www.boe.es/boe/dias/2025/05/15/pdfs/BOE-A-2025-9540.pdf,xml,7468be13135792129680f5c8253e9ad316cb59ce1eaf07688850c0d66bea6476,769,118
20250515,2025,117,3,III. Otras disposiciones,9585,"MINISTERIO DE LA PRESIDENCIA, JUSTICIA Y RELACIONES CON LAS CORTES",Registro Civil. Gestión informatizada,BOE-A-2025-9596,"Resolución de 28 de abril de 2025, de la Dirección General de Seguridad Jurídica y Fe Pública, por la que se acuerda la entrada en servicio efectiva de la aplicación informática Dicireg en las Oficinas del Registro Civil del Partido Judicial de Requena, para el funcionamiento de las mismas conforme a las previsiones contenidas en la Ley 20/2011, de 21 de julio, del Registro Civil.",https://www.boe.es/diario_boe/xml.php?id=BOE-A-2025-9596,https://www.boe.es/diario_boe/txt.php?id=BOE-A-2025-9596,https://www.boe.es/boe/dias/2025/05/15/pdfs/BOE-A-2025-9596.pdf,xml,b3d07655dfe9c880ecd885fa7a0d77948676f7ec4feb668bdd7611908ad00a93,8669,1277
20250515,2025,117,3,III. Otras disposiciones,9575,MINISTERIO PARA LA TRANSICIÓN ECOLÓGICA Y EL RETO DEMOGRÁFICO,Comunidad Autónoma de Andalucía. Convenio,BOE-A-2025-9621,"Resolución de 6 de mayo de 2025, de la Dirección General de Políticas contra la Despoblación, por la que se publica el Convenio con la Universidad de Córdoba, para la realización del Programa Campus Rural de prácticas universitarias en el medio rural.",https://www.boe.es/diario_boe/xml.php?id=BOE-A-2025-9621,https://www.boe.es/diario_boe/txt.php?id=BOE-A-2025-9621,https://www.boe.es/boe/dias/2025/05/15/pdfs/BOE-A-2025-9621.pdf,xml,4541a5fbfc7803307802966c59ecb4a89b13515e98f83f5985681d56a15784db,31730,4745
20250515,2025,117,T,T.C. Sección del Tribunal Constitucional,1410,TRIBUNAL CONSTITUCIONAL,Sentencias,BOE-A-2025-9630,"Sala Segunda. Sentencia 86/2025, de 7 de abril de 2025. Recurso de amparo 120-2023. Promovido por doña Katherin Velásquez Rodríguez respecto del auto de un juzgado de instrucción de Madrid que desestimó su solicitud de habeas corpus. Vulneración del derecho a la libertad personal: desestimación de una petición de habeas corpus sin audiencia del solicitante y sin proporcionarle los elementos de las actuaciones que sean esenciales para impugnar la legalidad de la detención policial (SSTC 13/2017 y 85/2024).",https://www.boe.es/diario_boe/xml.php?id=BOE-A-2025-9630,https://www.boe.es/diario_boe/txt.php?id=BOE-A-2025-9630,https://www.boe.es/boe/dias/2025/05/15/pdfs/BOE-A-2025-9630.pdf,xml,c3bf863da067e585109a31c5c1a17875cdf72d023210e2de586f561c1091af8c,27295,4319
20250515,2025,117,T,T.C. Sección del Tribunal Constitucional,1410,TRIBUNAL CONSTITUCIONAL,Sentencias,BOE-A-2025-9635,"Sala Segunda. Sentencia 91/2025, de 7 de abril de 2025. Recurso de amparo 7473-2024. Promovido por doña Carolina Oliveras Humanes en relación con las resoluciones administrativas y judiciales que desestimaron su petición de revisión y ampliación de la prestación por nacimiento y cuidado de hijo menor, como madre biológica de familia monoparental. Vulneración del derecho a la igualdad ante la ley sin discriminación: resoluciones judiciales y administrativas que aplican una regulación legal declarada inconstitucional en la STC 140/2024, en tanto que omite la posibilidad de que las madres biológicas de familias monoparentales, trabajadoras por cuenta ajena, puedan ampliar su permiso por nacimiento disfrutando del permiso que correspondería al otro progenitor, caso de existir.",https://www.boe.es/diario_boe/xml.php?id=BOE-A-2025-9635,https://www.boe.es/diario_boe/txt.php?id=BOE-A-2025-9635,https://www.boe.es/boe/dias/2025/05/15/pdfs/BOE-A-2025-9635.pdf,xml,e92afb50d73497710852c420e9913640112a16bb974d36966b5e944930eeb8e6,16444,2555
20250715,2025,169,1,I. Disposiciones generales,1410,TRIBUNAL CONSTITUCIONAL,Recursos de inconstitucionalidad,BOE-A-2025-14591,"Recurso de inconstitucionalidad n.o 4001-2025, contra el Real Decreto-ley 2/2025, de 18 de marzo, por el que se aprueban medidas urgentes para la garantía del interés superior de la infancia y la adolescencia ante situaciones de contingencias migratorias extraordinarias y Acuerdo de convalidación del referido Real Decreto-ley, adoptado por el Congreso de los Diputados en su sesión de 10 de abril de 2025.",https://www.boe.es/diario_boe/xml.php?id=BOE-A-2025-14591,https://www.boe.es/diario_boe/txt.php?id=BOE-A-2025-14591,https://www.boe.es/boe/dias/2025/07/15/pdfs/BOE-A-2025-14591.pdf,xml,f31f34f570f532a8e780912983f0d5c49f11e446370135abfaa939bf15873d96,723,106
20250715,2025,169,1,I. Disposiciones generales,1410,TRIBUNAL CONSTITUCIONAL,Recursos de inconstitucionalidad,BOE-A-2025-14594,"Recurso de inconstitucionalidad n.o 4458-2025, contra el Real Decreto-ley 2/2025, de 18 de marzo, por el que se aprueban medidas urgentes para la garantía del interés superior de la infancia y la adolescencia ante situaciones de contingencias migratorias extraordinarias.",https://www.boe.es/diario_boe/xml.php?id=BOE-A-2025-14594,https://www.boe.es/diario_boe/txt.php?id=BOE-A-2025-14594,https://www.boe.es/boe/dias/2025/07/15/pdfs/BOE-A-2025-14594.pdf,xml,06e155ff8ba01d68dc2389316919cbf907b49d972773181812ebac7affbbcabd,575,81
20250715,2025,169,1,I. Disposiciones generales,9562,"MINISTERIO DE ASUNTOS EXTERIORES, UNIÓN EUROPEA Y COOPERACIÓN",Tratados internacionales,BOE-A-2025-14599,"Corrección de errores de las Enmiendas de 2020 al Convenio internacional para la seguridad de la vida humana en el mar, 1974, adoptadas en Londres el 11 de noviembre de 2020 mediante la Resolución MSC.474(102).",https://www.boe.es/diario_boe/xml.php?id=BOE-A-2025-14599,https://www.boe.es/diario_boe/txt.php?id=BOE-A-2025-14599,https://www.boe.es/boe/dias/2025/07/15/pdfs/BOE-A-2025-14599.pdf,xml,1434f9f848fd4872904db5a1c0a23e222793b2d53f8caa1356181f046d9a8480,702,107
20250715,2025,169,2A,"II. Autoridades y personal. - A. Nombramientos, situaciones e incidencias",1820,CONSEJO GENERAL DEL PODER JUDICIAL,Nombramientos,BOE-A-2025-14605,"Real Decreto 632/2025, de 14 de julio, por el que se nombra Presidente del Tribunal Superior de Justicia de Navarra a don Ignacio José Julián Huarte Lázaro.",https://www.boe.es/diario_boe/xml.php?id=BOE-A-2025-14605,https://www.boe.es/diario_boe/txt.php?id=BOE-A-2025-14605,https://www.boe.es/boe/dias/2025/07/15/pdfs/BOE-A-2025-14605.pdf,xml,fa7f6b70812bff54f49990605fd4fa2017d9540db5a72272422bf63ad0bab396,578,92
20250715,2025,169,2A,"II. Autoridades y personal. - A. Nombramientos, situaciones e incidencias",6110,MINISTERIO DE DEFENSA,Destinos,BOE-A-2025-14609,"Resolución 400/38332/2025, de 10 de julio, de la Subsecretaría, por la que se resuelve el concurso general, convocado por Resolución 400/38165/2025, de 11 de abril.",https://www.boe.es/diario_boe/xml.php?id=BOE-A-2025-14609,https://www.boe.es/diario_boe/txt.php?id=BOE-A-2025-14609,https://www.boe.es/boe/dias/2025/07/15/pdfs/BOE-A-2025-14609.pdf,xml,0a07822566cb3245697325f4d3ef6efd09f5cd3e220ec248aa13b3e617fd9c71,48257,6742
20250715,2025,169,2A,"II. Autoridades y personal. - A. Nombramientos, situaciones e incidencias",8121,COMUNIDAD AUTÓNOMA DE LAS ILLES BALEARS,Destinos,BOE-A-2025-14614,"Resolución de 9 de julio de 2025, de la Consejería de Presidencia y Administraciones Públicas, por la que se publica la adjudicación de puestos de trabajo por el sistema de libre designación",https://www.boe.es/diario_boe/xml.php?id=BOE-A-2025-14614,https://www.boe.es/diario_boe/txt.php?id=BOE-A-2025-14614,https://www.boe.es/boe/dias/2025/07/15/pdfs/BOE-A-2025-14614.pdf,xml,09bf52add8f20550e0b88ae2db75194609034119120e631d538d575382af0f5e,1101,170
20250715,2025,169,2B,II. Autoridades y personal. - B. Oposiciones y concursos,9562,"MINISTERIO DE ASUNTOS EXTERIORES, UNIÓN EUROPEA Y COOPERACIÓN",Personal laboral,BOE-A-2025-14618,"Resolución de 7 de julio de 2025, del Instituto Cervantes, por la que se convoca proceso selectivo para la provisión de puestos de Director/a de centro en el exterior.",https://www.boe.es/diario_boe/xml.php?id=BOE-A-2025-14618,https://www.boe.es/diario_boe/txt.php?id=BOE-A-2025-14618,https://www.boe.es/boe/dias/2025/07/15/pdfs/BOE-A-2025-14618.pdf,xml,32a694dd26a2af0b1ff0bb91126857a2ba7f2073fabb68bd592b1562b67557b0,15982,2432
20250715,2025,169,2B,II. Autoridades y personal. - B. Oposiciones y concursos,9525,ADMINISTRACIÓN LOCAL,Personal funcionario y laboral,BOE-A-2025-14655,"Resolución de 7 de julio de 2025, del Ayuntamiento de Luque (Córdoba), referente a la convocatoria para proveer una plaza.",https://www.boe.es/diario_boe/xml.php?id=BOE-A-2025-14655,https://www.boe.es/diario_boe/txt.php?id=BOE-A-2025-14655,https://www.boe.es/boe/dias/2025/07/15/pdfs/BOE-A-2025-14655.pdf,xml,2dd708ae5b07b9c4c4e40a6c813bd4d61ce80aa96cb137cb8008f9f85cb90aaf,765,121
20250715,2025,169,3,III. Otras disposiciones,9575,MINISTERIO PARA LA TRANSICIÓN ECOLÓGICA Y EL RETO DEMOGRÁFICO,Instalaciones eléctricas,BOE-A-2025-14685,"Resolución de 2 de julio de 2025, de la Dirección General de Política Energética y Minas, por la que se corrigen errores en la de 8 de junio de 2025, por la que se otorga a Red Eléctrica de España, SAU, autorización administrativa previa y autorización administrativa de construcción para la ampliación, con tres nuevas posiciones, de la subestación Aguayo 400 kV, en Molledo (Cantabria).",https://www.boe.es/diario_boe/xml.php?id=BOE-A-2025-14685,https://www.boe.es/diario_boe/txt.php?id=BOE-A-2025-14685,https://www.boe.es/boe/dias/2025/07/15/pdfs/BOE-A-2025-14685.pdf,xml,b51d99dd675958bf1c0a8291901d15d77323017a36a36a06708cd3bb04ba7839,2134,281
20250715,2025,169,3,III. Otras disposiciones,9588,"MINISTERIO DE DERECHOS SOCIALES, CONSUMO Y AGENDA 2030",Convenios,BOE-A-2025-14687,"Resolución de 7 de julio de 2025, de la Dirección General de Ordenación del Juego, por la que se publica el Convenio con la Asociación de Clubes de Baloncesto, en materia de adhesión al Servicio de investigación global del mercado de apuestas.",https://www.boe.es/diario_boe/xml.php?id=BOE-A-2025-14687,https://www.boe.es/diario_boe/txt.php?id=BOE-A-2025-14687,https://www.boe.es/boe/dias/2025/07/15/pdfs/BOE-A-2025-14687.pdf,xml,92983642e00e5d74ab2db9318551710c7b62afcc2ef00eb368a8411276fe3bc1,29728,4555
20250815,2025,196,1,I. Disposiciones generales,8070,COMUNIDAD AUTÓNOMA DE CATALUÑA,Energía eléctrica,BOE-A-2025-16905,"Decreto-ley 12/2025, de 3 de junio, para aumentar la resiliencia del suministro eléctrico en Cataluña.",https://www.boe.es/diario_boe/xml.php?id=BOE-A-2025-16905,https://www.boe.es/diario_boe/txt.php?id=BOE-A-2025-16905,https://www.boe.es/boe/dias/2025/08/15/pdfs/BOE-A-2025-16905.pdf,xml,a3d07b36d3c7a683918fd2cdf07b5db70ec028dfe3a67465884c054713f643c0,32162,4864
20250815,2025,196,1,I. Disposiciones generales,8070,COMUNIDAD AUTÓNOMA DE CATALUÑA,Protección Civil,BOE-A-2025-16907,"Decreto-ley 14/2025, de 15 de julio, por el que se modifica la Ley 5/1994, de 4 de mayo, de regulación de los servicios de prevención y extinción de incendios y de salvamentos de Cataluña.",https://www.boe.es/diario_boe/xml.php?id=BOE-A-2025-16907,https://www.boe.es/diario_boe/txt.php?id=BOE-A-2025-16907,https://www.boe.es/boe/dias/2025/08/15/pdfs/BOE-A-2025-16907.pdf,xml,a90d8681ca99c50d12c0d1bc8b24ebb0747ef850f282f8af22d93f898840f00a,27484,4172
20250815,2025,196,1,I. Disposiciones generales,8020,COMUNIDAD AUTÓNOMA DE ARAGÓN,Medidas urgentes,BOE-A-2025-16908,"Decreto-ley 5/2025, de 18 de julio, del Gobierno de Aragón, por el que se establecen medidas urgentes para la reparación de los daños causados y las pérdidas producidas en el territorio de Aragón como consecuencia de las lluvias torrenciales de los días 11 y 12 de julio de 2025.",https://www.boe.es/diario_boe/xml.php?id=BOE-A-2025-16908,https://www.boe.es/diario_boe/txt.php?id=BOE-A-2025-16908,https://www.boe.es/boe/dias/2025/08/15/pdfs/BOE-A-2025-16908.pdf,xml,2aec8d456518c65080d12596109b25b83f8f27126d82e0f275b6f6a7c3c56bee,22562,3231
20250815,2025,196,2A,"II. Autoridades y personal. - A. Nombramientos, situaciones e incidencias",1820,CONSEJO GENERAL DEL PODER JUDICIAL,Situaciones,BOE-A-2025-16909,"Acuerdo de 8 de abril de 2025, de la Comisión Permanente del Consejo General del Poder Judicial, por el que se declara la jubilación voluntaria de la Magistrada doña Carmen Orland Escámez.",https://www.boe.es/diario_boe/xml.php?id=BOE-A-2025-16909,https://www.boe.es/diario_boe/txt.php?id=BOE-A-2025-16909,https://www.boe.es/boe/dias/2025/08/15/pdfs/BOE-A-2025-16909.pdf,xml,f2c5d68cb9aa66fd2b8419588378b47ed08e7b3bad30978816c88d29c1b5cfd8,747,118
20250815,2025,196,2A,"II. Autoridades y personal. - A. Nombramientos, situaciones e incidencias",1820,CONSEJO GENERAL DEL PODER JUDICIAL,Situaciones,BOE-A-2025-16910,"Acuerdo de 13 de mayo de 2025, de la Comisión Permanente del Consejo General del Poder Judicial, por el que se declara la jubilación forzosa del Magistrado don Roberto Saiz Fernández.",https://www.boe.es/diario_boe/xml.php?id=BOE-A-2025-16910,https://www.boe.es/diario_boe/txt.php?id=BOE-A-2025-16910,https://www.boe.es/boe/dias/2025/08/15/pdfs/BOE-A-2025-16910.pdf,xml,4ef39c4265ec1ccc50703e40e7ba21aaf3e8034cad88d79e485a0830b59d9184,913,149
20250815,2025,196,2B,II. Autoridades y personal. - B. Oposiciones y concursos,6110,MINISTERIO DE DEFENSA,Cuerpos y escalas de las Fuerzas Armadas,BOE-A-2025-16911,"Resolución 452/38388/2025, de 13 de agosto, de la Dirección General de Reclutamiento y Enseñanza Militar, por la que se publica la relación definitiva de personas propuestas para ser nombradas alumnos y alumnas para el ingreso en los centros docentes militares de formación, mediante la forma de ingreso directo, con y sin exigencia de titulación universitaria previa, para la incorporación, como militar de carrera o adscripción como militar de complemento a las Escalas de Oficiales de los Cuerpos Generales, del Cuerpo de Infantería de Marina y del Cuerpo de la Guardia Civil.",https://www.boe.es/diario_boe/xml.php?id=BOE-A-2025-16911,https://www.boe.es/diario_boe/txt.php?id=BOE-A-2025-16911,https://www.boe.es/boe/dias/2025/08/15/pdfs/BOE-A-2025-16911.pdf,xml,ee924543858a6c8bfe7cc44032bbac2de6dcf981971f17946a7c355a79f36254,27427,2426
20250815,2025,196,2B,II. Autoridades y personal. - B. Oposiciones y concursos,9525,ADMINISTRACIÓN LOCAL,Personal funcionario,BOE-A-2025-16914,"Resolución de 30 de julio de 2025, de la Diputación Provincial de Cáceres, referente a la convocatoria para proveer puestos de trabajo por el sistema de libre designación.",https://www.boe.es/diario_boe/xml.php?id=BOE-A-2025-16914,https://www.boe.es/diario_boe/txt.php?id=BOE-A-2025-16914,https://www.boe.es/boe/dias/2025/08/15/pdfs/BOE-A-2025-16914.pdf,xml,c1bdc219d46cedb907e4784476b22d4049a4837576c24594756faa3e05995bd7,2721,399
20250815,2025,196,2B,II. Autoridades y personal. - B. Oposiciones y concursos,9525,ADMINISTRACIÓN LOCAL,Personal funcionario,BOE-A-2025-16916,"Resolución de 6 de agosto de 2025, del Ayuntamiento de Los Barrios (Cádiz), referente a la convocatoria para proveer puesto de trabajo por el sistema de libre designación.",https://www.boe.es/diario_boe/xml.php?id=BOE-A-2025-16916,https://www.boe.es/diario_boe/txt.php?id=BOE-A-2025-16916,https://www.boe.es/boe/dias/2025/08/15/pdfs/BOE-A-2025-16916.pdf,xml,c2fb33b88caa3b8bcab1ed09384789d6205c17dd4bdbc55815bfec4f82d7c522,908,143
20250815,2025,196,3,III. Otras disposiciones,9593,MINISTERIO DE POLÍTICA TERRITORIAL Y MEMORIA DEMOCRÁTICA,Convenios,BOE-A-2025-16930,"Resolución de 7 de agosto de 2025, de la Secretaría de Estado de Memoria Democrática, por la que se publica el Convenio con la Fábrica Gestión Más Cultura, para la organización de un conjunto de actividades en la programación del Festival de las Ideas y el Festival Eñe, en el marco de la celebración de los 50 años de España en libertad.",https://www.boe.es/diario_boe/xml.php?id=BOE-A-2025-16930,https://www.boe.es/diario_boe/txt.php?id=BOE-A-2025-16930,https://www.boe.es/boe/dias/2025/08/15/pdfs/BOE-A-2025-16930.pdf,xml,596c4db81dbdce645a63f69820954e2bf75bf7ff576730d90b53a5970ffe2fe1,35475,5329
20250815,2025,196,3,III. Otras disposiciones,310,UNIVERSIDADES,Planes de estudios,BOE-A-2025-16940,"Resolución de 27 de mayo de 2025, de la Universidad Católica San Antonio, por la que se publica la modificación del plan de estudios de Graduado o Graduada en Farmacia.",https://www.boe.es/diario_boe/xml.php?id=BOE-A-2025-16940,https://www.boe.es/diario_boe/txt.php?id=BOE-A-2025-16940,https://www.boe.es/boe/dias/2025/08/15/pdfs/BOE-A-2025-16940.pdf,xml,0b59c9f29fb725c02ff24581a5ba8da6f6f5a99f8ad4c60f7a05a86862e21332,4029,534
20251015,2025,248,1,I. Disposiciones generales,1220,CORTES GENERALES,Medidas urgentes,BOE-A-2025-20582,"Resolución de 8 de octubre de 2025, del Congreso de los Diputados, por la que se ordena la publicación del Acuerdo de convalidación del Real Decreto-ley 10/2025, de 23 de septiembre, por el que se adoptan medidas urgentes contra el genocidio en Gaza y de apoyo a la población palestina.",https://www.boe.es/diario_boe/xml.php?id=BOE-A-2025-20582,https://www.boe.es/diario_boe/txt.php?id=BOE-A-2025-20582,https://www.boe.es/boe/dias/2025/10/15/pdfs/BOE-A-2025-20582.pdf,xml,4327046e95426646a58b41574649bf0c3f60d06c894b39e74b574af6e04c6875,520,81
20251015,2025,248,1,I. Disposiciones generales,3120,"MINISTERIO DE AGRICULTURA, PESCA Y ALIMENTACIÓN",Política Agrícola Común,BOE-A-2025-20583,"Real Decreto 916/2025, de 14 de octubre, por el que se modifican diversos reales decretos en materia de Política Agrícola Común.",https://www.boe.es/diario_boe/xml.php?id=BOE-A-2025-20583,https://www.boe.es/diario_boe/txt.php?id=BOE-A-2025-20583,https://www.boe.es/boe/dias/2025/10/15/pdfs/BOE-A-2025-20583.pdf,xml,e1f4ef385bae85375b71d74aa0d25521bf1bec664307364601f1b987f0a56cff,98342,15127
20251015,2025,248,2A,"II. Autoridades y personal. - A. Nombramientos, situaciones e incidencias",1820,CONSEJO GENERAL DEL PODER JUDICIAL,Destinos,BOE-A-2025-20587,"Corrección de errores del Real Decreto 841/2025, de 22 de septiembre, por el que se adjudica en propiedad la plaza de Magistrado de la Sala de lo Contencioso-Administrativo del Tribunal Superior de Justicia de Canarias, con sede en Tenerife, a don Jorge María Riestra Sierra.",https://www.boe.es/diario_boe/xml.php?id=BOE-A-2025-20587,https://www.boe.es/diario_boe/txt.php?id=BOE-A-2025-20587,https://www.boe.es/boe/dias/2025/10/15/pdfs/BOE-A-2025-20587.pdf,xml,27f3965df04d797d34df2f125ec875f6a2e1355ed2f8528af038c33706c66fbe,770,122
20251015,2025,248,2A,"II. Autoridades y personal. - A. Nombramientos, situaciones e incidencias",9565,"MINISTERIO DE CIENCIA, INNOVACIÓN Y UNIVERSIDADES",Destinos,BOE-A-2025-20599,"Resolución de 8 de octubre de 2025, de la Presidencia de la Agencia Estatal Consejo Superior de Investigaciones Científicas, por la que se resuelve concurso general, convocado por Resolución de 9 de mayo de 2025.",https://www.boe.es/diario_boe/xml.php?id=BOE-A-2025-20599,https://www.boe.es/diario_boe/txt.php?id=BOE-A-2025-20599,https://www.boe.es/boe/dias/2025/10/15/pdfs/BOE-A-2025-20599.pdf,xml,3d8de6715e71f311e09cc4238ca0a39ffa1f321247617a60543befa9a6b66442,37267,4568
20251015,2025,248,2A,"II. Autoridades y personal. - A. Nombramientos, situaciones e incidencias",310,UNIVERSIDADES,Nombramientos,BOE-A-2025-20601,"Resolución de 2 de octubre de 2025, de la Universidad de Vigo, por la que se nombran Profesoras y Profesores Titulares de Universidad.",https://www.boe.es/diario_boe/xml.php?id=BOE-A-2025-20601,https://www.boe.es/diario_boe/txt.php?id=BOE-A-2025-20601,https://www.boe.es/boe/dias/2025/10/15/pdfs/BOE-A-2025-20601.pdf,xml,3e7b92ed9408905ade968ad3e9efbc3611e2b0feda00b3b9da2d08dfe14b38f3,3320,464
20251015,2025,248,2B,II. Autoridades y personal. - B. Oposiciones y concursos,9525,ADMINISTRACIÓN LOCAL,Personal funcionario,BOE-A-2025-20635,"Resolución de 10 de octubre de 2025, del Ayuntamiento de Sevilla, referente a la convocatoria para proveer puesto de trabajo por el sistema de libre designación.",https://www.boe.es/diario_boe/xml.php?id=BOE-A-2025-20635,https://www.boe.es/diario_boe/txt.php?id=BOE-A-2025-20635,https://www.boe.es/boe/dias/2025/10/15/pdfs/BOE-A-2025-20635.pdf,xml,a276c5e0e94761d5c32b5b34e289f4a2f96e94573a607f512008d1dcb70fd09d,733,115
20251015,2025,248,2B,II. Autoridades y personal. - B. Oposiciones y concursos,9525,ADMINISTRACIÓN LOCAL,Personal funcionario y laboral,BOE-A-2025-20642,"Resolución de 7 de octubre de 2025, del Ayuntamiento de Eivissa (Illes Balears), referente a la convocatoria para proveer varias plazas.",https://www.boe.es/diario_boe/xml.php?id=BOE-A-2025-20642,https://www.boe.es/diario_boe/txt.php?id=BOE-A-2025-20642,https://www.boe.es/boe/dias/2025/10/15/pdfs/BOE-A-2025-20642.pdf,xml,536aea7d6098b802496fa675db9680ef22f14c728bd6da6196af6800d5889a11,761,120
20251015,2025,248,2B,II. Autoridades y personal. - B. Oposiciones y concursos,9525,ADMINISTRACIÓN LOCAL,Personal funcionario y laboral,BOE-A-2025-20657,"Resolución de 7 de octubre de 2025, del Ayuntamiento de La Algaba (Sevilla), referente a la convocatoria para proveer una plaza.",https://www.boe.es/diario_boe/xml.php?id=BOE-A-2025-20657,https://www.boe.es/diario_boe/txt.php?id=BOE-A-2025-20657,https://www.boe.es/boe/dias/2025/10/15/pdfs/BOE-A-2025-20657.pdf,xml,b4820276a74bff0f7cbbfb14b7c01bd6dd2bcab58c0ec8838e3cdcf07ca78b2c,1083,169
20251015,2025,248,3,III. Otras disposiciones,1020,BANCO DE ESPAÑA,Mercado de divisas,BOE-A-2025-20687,"Resolución de 14 de octubre de 2025, del Banco de España, por la que se publican los cambios del euro correspondientes al día 14 de octubre de 2025, publicados por el Banco Central Europeo, que tendrán la consideración de cambios oficiales, de acuerdo con lo dispuesto en el artículo 36 de la Ley 46/1998, de 17 de diciembre, sobre la Introducción del Euro.",https://www.boe.es/diario_boe/xml.php?id=BOE-A-2025-20687,https://www.boe.es/diario_boe/txt.php?id=BOE-A-2025-20687,https://www.boe.es/boe/dias/2025/10/15/pdfs/BOE-A-2025-20687.pdf,xml,a74e702521dd89e9dc416385e3a0d6f80045c046456141d9bc61a5248ec4a092,1162,112
20251015,2025,248,3,III. Otras disposiciones,310,UNIVERSIDADES,Planes de estudios,BOE-A-2025-20689,"Resolución de 3 de octubre de 2025, de la Universidad Tecnológica Atlántico-Mediterráneo, por la que se publican planes de estudio de Graduado o Graduada.",https://www.boe.es/diario_boe/xml.php?id=BOE-A-2025-20689,https://www.boe.es/diario_boe/txt.php?id=BOE-A-2025-20689,https://www.boe.es/boe/dias/2025/10/15/pdfs/BOE-A-2025-20689.pdf,xml,df88fdce055c82544c8b92cfaece601f8312d41568eef61913a607a3631784ba,39066,4977
20251115,2025,275,1,I. Disposiciones generales,5140,MINISTERIO DE HACIENDA,Tabaco. Precios,BOE-A-2025-23134,"Resolución de 14 de noviembre de 2025, de la Presidencia del Comisionado para el Mercado de Tabacos, por la que se publican los precios de venta al público de determinadas labores de tabaco en Expendedurías de Tabaco y Timbre del área de Península y Baleares.",https://www.boe.es/diario_boe/xml.php?id=BOE-A-2025-23134,https://www.boe.es/diario_boe/txt.php?id=BOE-A-2025-23134,https://www.boe.es/boe/dias/2025/11/15/pdfs/BOE-A-2025-23134.pdf,xml,a793bacd7575252c88a6ade685a5272b999816ad9c46cbd270725eff02c55ad1,4094,528
20251115,2025,275,1,I. Disposiciones generales,8070,COMUNIDAD AUTÓNOMA DE CATALUÑA,Medidas económicas,BOE-A-2025-23135,"Decreto-ley 18/2025, de 23 de septiembre, por el que se crea el Fondo Extraordinario Adicional 2025 para los Entes Locales.",https://www.boe.es/diario_boe/xml.php?id=BOE-A-2025-23135,https://www.boe.es/diario_boe/txt.php?id=BOE-A-2025-23135,https://www.boe.es/boe/dias/2025/11/15/pdfs/BOE-A-2025-23135.pdf,xml,1c690809ce96705342922fe0bcdfc1edcf92e9edcd3e99a9192e66b5268a7465,13213,1901
20251115,2025,275,1,I. Disposiciones generales,8070,COMUNIDAD AUTÓNOMA DE CATALUÑA,Impuestos,BOE-A-2025-23136,"Decreto-ley 19/2025, de 30 de septiembre, de medidas extraordinarias en el ámbito del impuesto sobre las instalaciones que inciden en el medio ambiente.",https://www.boe.es/diario_boe/xml.php?id=BOE-A-2025-23136,https://www.boe.es/diario_boe/txt.php?id=BOE-A-2025-23136,https://www.boe.es/boe/dias/2025/11/15/pdfs/BOE-A-2025-23136.pdf,xml,f43473044555f403ac9569371dbe6cc9a8bd1bf5f7c751edaa9a8015a4fd2b5e,22279,3364
20251115,2025,275,2A,"II. Autoridades y personal. - A. Nombramientos, situaciones e incidencias",310,UNIVERSIDADES,Nombramientos,BOE-A-2025-23146,"Resolución de 3 de noviembre de 2025, de la Universidad Politécnica de Cartagena, por la que se nombra Catedrático de Universidad a don Antonio Luis Duréndez Gómez-Guillamón.",https://www.boe.es/diario_boe/xml.php?id=BOE-A-2025-23146,https://www.boe.es/diario_boe/txt.php?id=BOE-A-2025-23146,https://www.boe.es/boe/dias/2025/11/15/pdfs/BOE-A-2025-23146.pdf,xml,f5593cc60e3c6ea584cdf24bca71d6ae2e2732c4c973242d4dc1ff486de802c1,2655,407
20251115,2025,275,2A,"II. Autoridades y personal. - A. Nombramientos, situaciones e incidencias",310,UNIVERSIDADES,Nombramientos,BOE-A-2025-23152,"Resolución de 4 de noviembre de 2025, de la Universidad de Cádiz, por la que se nombra Profesor Titular de Universidad a don Nicolás Miguel Madrid Labrador.",https://www.boe.es/diario_boe/xml.php?id=BOE-A-2025-23152,https://www.boe.es/diario_boe/txt.php?id=BOE-A-2025-23152,https://www.boe.es/boe/dias/2025/11/15/pdfs/BOE-A-2025-23152.pdf,xml,8d9569e396b611c4fd068bbd125b5d0e33c8349029d9c36112f697bf3e340c97,1118,165
20251115,2025,275,2A,"II. Autoridades y personal. - A. Nombramientos, situaciones e incidencias",310,UNIVERSIDADES,Nombramientos,BOE-A-2025-23153,"Resolución de 4 de noviembre de 2025, conjunta de la Universidad de Sevilla y el Servicio Andaluz de Salud, por la que se nombra Profesora Titular de Universidad, con plaza vinculada, a doña Encarnación Gutiérrez Carretero.",https://www.boe.es/diario_boe/xml.php?id=BOE-A-2025-23153,https://www.boe.es/diario_boe/txt.php?id=BOE-A-2025-23153,https://www.boe.es/boe/dias/2025/11/15/pdfs/BOE-A-2025-23153.pdf,xml,1710252baa38a64b3bdd6614208c87b579dfe66275f407268b2cbc4db216879b,3513,522
20251115,2025,275,2B,II. Autoridades y personal. - B. Oposiciones y concursos,9525,ADMINISTRACIÓN LOCAL,Personal funcionario y laboral,BOE-A-2025-23178,"Resolución de 5 de noviembre de 2025, del Ayuntamiento de Pinto (Madrid), referente a la convocatoria para proveer varias plazas.",https://www.boe.es/diario_boe/xml.php?id=BOE-A-2025-23178,https://www.boe.es/diario_boe/txt.php?id=BOE-A-2025-23178,https://www.boe.es/boe/dias/2025/11/15/pdfs/BOE-A-2025-23178.pdf,xml,03dc3d49fd4a9cf5d58be27631df79e2a706d9d206352e68b0f112ae6c818c0b,864,141
20251115,2025,275,2B,II. Autoridades y personal. - B. Oposiciones y concursos,9525,ADMINISTRACIÓN LOCAL,Personal funcionario y laboral,BOE-A-2025-23180,"Resolución de 5 de noviembre de 2025, del Ayuntamiento de Reus (Tarragona), referente a la convocatoria para proveer varias plazas.",https://www.boe.es/diario_boe/xml.php?id=BOE-A-2025-23180,https://www.boe.es/diario_boe/txt.php?id=BOE-A-2025-23180,https://www.boe.es/boe/dias/2025/11/15/pdfs/BOE-A-2025-23180.pdf,xml,84886c505c7b05e08be5582ca528641a1608ded37dd3066a3c181bed081575b8,900,144
20251115,2025,275,3,III. Otras disposiciones,9589,"MINISTERIO DE ECONOMÍA, COMERCIO Y EMPRESA",Convenios,BOE-A-2025-23198,"Resolución de 3 de noviembre de 2025, de ICEX España Exportación e Inversiones, E.P.E., por la que se publica el Convenio con el Instituto de Estudios Bursátiles y Gestión IEB Global, SL, para la realización de prácticas académicas externas de estudiantes de grado y de máster.",https://www.boe.es/diario_boe/xml.php?id=BOE-A-2025-23198,https://www.boe.es/diario_boe/txt.php?id=BOE-A-2025-23198,https://www.boe.es/boe/dias/2025/11/15/pdfs/BOE-A-2025-23198.pdf,xml,27b3ba32b4f391f79e52c2b781384bf51fc0887c788646a9bdefe4210c532b0e,34008,5156
20251115,2025,275,3,III. Otras disposiciones,9595,MINISTERIO PARA LA TRANSFORMACIÓN DIGITAL Y DE LA FUNCIÓN PÚBLICA,Recursos,BOE-A-2025-23207,"Resolución de 12 de noviembre de 2025, de la Secretaría General Técnica, por la que se emplaza a las personas interesadas en el recurso contencioso-administrativo 1540/2025, interpuesto ante la Audiencia Nacional, Sala de lo Contencioso-Administrativo, Sección Séptima.",https://www.boe.es/diario_boe/xml.php?id=BOE-A-2025-23207,https://www.boe.es/diario_boe/txt.php?id=BOE-A-2025-23207,https://www.boe.es/boe/dias/2025/11/15/pdfs/BOE-A-2025-23207.pdf,xml,8ad2562cb7ba08ed1c8c117165babb6069da371056d3318d04e3c2b02662bcca,1409,202
